รหัสจังหวัด,จังหวัด,เขต,party_listผู้มีสิทธิ์,party_listมาใช้สิทธิ์,party_listคะแนนดี,party_listคะแนนเสีย,party_listไม่โหวต,party_listballots_received,party_listballots_used,แบ่งเขต_ผู้ชนะ,แบ่งเขต_พรรค,consti_eligible_voters,consti_voters_came,consti_ballots_received,consti_ballots_used,consti_good_votes,consti_invalid_votes,consti_no_votes,2diff_came,2pct_diff/ผู้มีสิทเขต,3party_list_pct_มาใช้สิท,3แบ่งเขต_pct_มาใช้สิท,5partylist_บัตรผี,5consti_บัตรผี
10,กรุงเทพมหานคร,1,130445,82421,78517,1726,2178,130018,82421,นายปารเมศ วิทยารักษ์สรรค์,ประชาชน,130445,82421,130018,82421,77075,1146,4200,0,0,66.09862644,63.18448388,0,0
10,กรุงเทพมหานคร,2,136434,90181,86220,1516,2445,136305,90181,นายเสกสิทธิ์ แย้มสงวนศักดิ์,ประชาชน,136434,90181,136305,90181,83874,1384,4923,0,0,67.19178306,66.09862644,0,0
10,กรุงเทพมหานคร,3,122576,82361,78875,1453,2033,125326,82361,นายจรยุทธ จตุรพรประสิทธิ์,ประชาชน,122576,82361,125326,82361,76775,1425,4161,0,0,64.05102584,67.19178306,0,0
10,กรุงเทพมหานคร,4,129503,82948,79302,1703,1943,127040,82948,นายภัณฑิล น่วมเจิม,ประชาชน,129503,82948,127040,82947,77982,1472,3493,0,0,72.06809819,64.05102584,0,1
10,กรุงเทพมหานคร,5,133983,96559,92886,1462,2211,130040,96561,นายปิติกรณ์ บรรณเภสัช,ประชาชน,133983,96561,130040,96561,90792,1289,4480,2,0.001492727,70.49499969,72.06959092,0,0
10,กรุงเทพมหานคร,6,143091,100872,96499,1835,2538,141800,100872,นายกัณตภณ ดวงอัมพร,ประชาชน,143091,100871,141800,100871,94391,1412,5068,1,0.000698856,64.81420493,70.49430083,0,0
10,กรุงเทพมหานคร,7,142711,92497,88053,1672,2772,140393,92497,นางสาวภัสริน รามวงศ์,ประชาชน,142711,92497,140393,92497,85181,1649,5667,0,0,72.6552464,64.81420493,0,0
10,กรุงเทพมหานคร,8,144013,104633,100236,1639,2758,145330,104633,นายชยพล สท้อนดี,ประชาชน,144013,104633,145330,104633,96755,1622,6256,0,0,71.23587869,72.6552464,0,0
10,กรุงเทพมหานคร,9,144197,102720,98361,1557,2802,139760,102720,นายศุภณัฐ มีนชัยนันท์,ประชาชน,144197,102720,139760,102720,95111,1599,6010,0,0,72.22568488,71.23587869,0,0
10,กรุงเทพมหานคร,10,137980,99657,94890,1779,2987,137000,99657,นายเอกราช อุดมอำนวย,ประชาชน,137980,99657,137000,99657,91913,1521,6223,0,0,73.09039536,72.22568488,1,0
10,กรุงเทพมหานคร,11,137319,100367,96112,1769,2486,139579,100367,นางสาวศศินันท์ ธรรมนิฐินันท์,ประชาชน,137319,100367,139579,100367,94993,1207,4167,0,0,77.58406239,73.09039536,0,0
10,กรุงเทพมหานคร,12,143108,111029,106754,1499,2776,144819,111029,นายภูริวรรธก์ ใจสำราญ,ประชาชน,143108,111029,144819,111029,103439,1601,5989,0,0,73.72062643,77.58406239,0,0
10,กรุงเทพมหานคร,13,131666,97065,93463,1380,2222,128131,97065,เรืออากาศโท ธนเดช เพ็งสุข,ประชาชน,131666,97065,128131,97065,90508,1315,5242,0,0,70.75329083,73.72062643,0,0
10,กรุงเทพมหานคร,14,140238,99223,95365,1537,2321,141548,99223,นายก่อเกียรติ ก่อสูงศักดิ์,ประชาชน,140238,99223,141547,99223,93467,1431,4325,0,0,72.10585638,70.75329083,0,0
10,กรุงเทพมหานคร,15,127758,92121,88172,1581,2368,,,นายวิทวัส ติชะวาณิชย์,ประชาชน,127758,92122,,,85901,1329,4892,1,0.00078273,73.0142825,72.10663911,0,0
10,กรุงเทพมหานคร,16,137721,100556,96550,1437,2569,139505,100556,นางสาวพิมพ์กาญจน์ กีรติวิราปกรณ์,ประชาชน,137721,100557,139506,100557,94218,1438,4901,1,0.000726106,65.52669959,73.0150086,0,0
10,กรุงเทพมหานคร,17,120676,79075,73773,2180,3122,118860,79075,นายวีรวุธ รักเที่ยง,ประชาชน,120676,79075,118860,79075,71720,1965,5390,0,0,70.8812011,65.52669959,0,0
10,กรุงเทพมหานคร,18,122821,87057,82064,2230,2763,122180,87057,นายธีรัจชัย พันธุมาศ,ประชาชน,122821,87055,122180,87055,80204,1421,5430,2,0.001628386,73.00584519,70.87957271,0,0
10,กรุงเทพมหานคร,19,135496,98920,95000,1570,2350,132217,98920,นายกันต์พงษ์ ประยูรศักดิ์,ประชาชน,135568,98920,132217,98920,92191,1634,5095,0,0,69.17529849,72.96707188,0,0
10,กรุงเทพมหานคร,20,126470,87486,83120,1904,2462,126020,87486,นายชุมพล หลักคำ,ประชาชน,126470,87486,126020,87486,81935,1769,3782,0,0,70.91866246,69.17529849,0,0
10,กรุงเทพมหานคร,21,136579,96860,92788,1517,2554,135500,96860,นายณัฐพงศ์ เปรมพูลสวัสดิ์,ประชาชน,136579,96860,135500,96860,91346,1450,4063,0,0,69.08136994,70.91866246,1,1
10,กรุงเทพมหานคร,22,133612,92301,88283,1503,2515,137131,92301,นายสุภกร ตันติไพบูลย์ธนะ,ประชาชน,133612,92301,137131,92301,85558,1511,5232,0,0,69.73549968,69.08136994,0,0
10,กรุงเทพมหานคร,23,144083,100477,96512,1321,2644,148585,100477,นายชลธาร ทรัพย์ไพบูลย์เลิศ,ประชาชน,144083,100477,148585,100477,94233,1073,5171,0,0,68.18175423,69.73549968,0,0
10,กรุงเทพมหานคร,24,142148,96919,92221,1814,2884,145797,96919,นายณพัฏน์ จิตตภินันท์กัณตา,ประชาชน,142148,96919,145857,96919,89356,1902,5661,0,0,70.71434203,68.18175423,0,0
10,กรุงเทพมหานคร,25,126830,89687,85329,1910,2448,128983,89687,นางสาวแอนศิริ วลัยกนก,ประชาชน,126830,89687,128983,89687,84112,1443,4132,0,0,69.65374299,70.71434203,0,0
10,กรุงเทพมหานคร,26,139434,97121,92428,2079,2614,143700,97121,นาย พงษ์สรณัฐ ทองลี,ประชาชน,139434,97121,143700,97121,90037,1820,5264,0,0,71.60569121,69.65374299,0,0
10,กรุงเทพมหานคร,27,134453,96276,91873,1780,2623,133246,96276,นายนฤพล เลิศปัญญาโรจน์,ประชาชน,134453,96276,133257,96276,90381,1564,4331,0,0,71.18157887,71.60569121,0,0
10,กรุงเทพมหานคร,28,139796,99509,94612,1949,2948,138533,99509,นางสาวชลณัฏฐ์ โกยกุล,ประชาชน,139454,99509,138530,99509,91560,2003,5946,0,0,71.98665042,71.35614611,0,0
10,กรุงเทพมหานคร,29,144424,103966,98610,2373,2983,145840,103966,นางสาวทิสรัตน์ เลาหพล,ประชาชน,144424,103966,145840,103966,96248,1896,5822,0,0,69.11299242,71.98665042,0,0
10,กรุงเทพมหานคร,30,143753,99352,94745,1900,2707,141200,99352,นายธัญธร ธนินวัฒนาธร,ประชาชน,143753,99352,141200,99352,92533,1464,5355,0,0,74.74573913,69.11299242,0,0
10,กรุงเทพมหานคร,31,143750,107447,101855,2072,3520,136940,103227,นายอนุสรณ์ ธรรมใจ,ประชาชน,143750,107447,136940,103227,98491,1993,6963,0,0,67.54820659,74.74573913,0,0
10,กรุงเทพมหานคร,32,139037,93917,88915,2107,2895,140719,93917,นางสาวปวิตรา จิตตกิจ,ประชาชน,142608,93917,140719,93917,85631,2233,6053,0,0,69.26648849,65.85675418,0,0
10,กรุงเทพมหานคร,33,148164,102628,97764,1892,2972,146580,102628,นายเท่าพิภพ ลิ้มจิตรกร,ประชาชน,148164,102628,146580,102628,94416,2142,6070,0,0,74.24398822,69.26648849,0,0
11,สมุทรปราการ,1,130785,97100,90939,3047,3114,131557,97100,นางสาวพนิดา มงคลสวัสดิ์,ประชาชน,130785,97099,131745,97099,87879,4260,4960,1,0.000764614,74.61094543,74.24322361,0,0
11,สมุทรปราการ,2,129095,96319,89972,3075,3272,132164,96319,นางสาวรัชนก สุขประเสริฐ,ประชาชน,129095,96319,132124,96319,89135,2529,4655,0,0,68.3487604,74.61094543,0,0
11,สมุทรปราการ,3,141094,96436,90899,2252,3285,142959,96436,นายพิชัย แจ้งจรรยาวงศ์,ประชาชน,141094,96436,142958,96436,88488,2383,5565,0,0,73.87908783,68.3487604,0,0
11,สมุทรปราการ,4,135983,100463,95537,1705,3221,137435,100463,นายชนสิษฎ์ ยอดฉิม,ประชาชน,135983,100463,137435,100463,92620,1776,6067,0,0,70.26630957,73.87908783,0,0
11,สมุทรปราการ,5,158312,111240,104952,2210,4078,156400,111240,นางสาวนิตยา มีศรี,ประชาชน,158312,111240,156400,111240,100245,2869,8126,0,0,70.50311562,70.26630957,0,0
11,สมุทรปราการ,6,129990,91647,85109,3421,3117,132220,91647,นายฐาปกรณ์ กุลเจริญ,ภูมิใจไทย,129990,91647,132220,91647,84514,2714,4419,0,0,70.61912215,70.50311562,0,0
11,สมุทรปราการ,7,149502,105577,98264,3291,4022,149840,105577,นายบุญเลิศ แสงพันธุ์,ประชาชน,149502,105577,149840,105577,97691,2752,5134,0,0,74.37465924,70.61912215,0,0
11,สมุทรปราการ,8,150398,111858,104242,4044,3572,153600,111858,นายเทพฤทธิ์ ภาษี,ประชาชน,150398,111859,153600,111859,103041,3435,5383,1,0.000664902,75.05119883,74.37532414,0,0
12,นนทบุรี,1,135257,101512,96610,1903,2999,140385,101512,นายวุฒากร นุตยกุล,ประชาชน,135257,101511,140384,101511,93883,1731,5897,1,0.000739333,71.17015808,75.0504595,0,0
12,นนทบุรี,2,124496,88604,83688,1809,3107,126738,88604,นางปัญญารัตน์ นันทภูษิตานนท์,ประชาชน,124496,88604,126738,88604,81123,1807,5674,0,0,75.74661275,71.17015808,0,0
12,นนทบุรี,3,140970,106780,100706,2231,3843,143619,106780,นายอนุสรณ์ แก้ววิเชียร,ประชาชน,140970,106780,143619,106780,96521,2416,7843,0,0,72.76381594,75.74661275,0,0
12,นนทบุรี,4,127371,92680,88001,1706,2973,131603,92680,นายกรณ์ มีดี,ประชาชน,127371,92680,131603,92680,85203,2198,5279,0,0,75.89491016,72.76381594,0,0
12,นนทบุรี,5,137863,104631,98812,2432,3387,135403,104631,นายปรีติ เจริญศิลป์,ประชาชน,137863,104631,135403,104631,96107,2233,6291,0,0,76.38013385,75.89491016,0,0
12,นนทบุรี,6,144044,110021,103361,2576,4084,147586,110021,นายสุทัศน์ มีศิริ,ประชาชน,144044,110023,147588,110023,99026,3607,7390,2,0.001388465,72.58847583,76.38152231,0,0
12,นนทบุรี,7,142327,103313,96807,2544,3962,145606,103313,นายเกียรติคุณ ต้นยาง,ประชาชน,142327,103313,145606,103313,93993,2687,6633,0,0,79.57339446,72.58847583,0,0
12,นนทบุรี,8,121283,96509,90783,2555,3171,131778,96509,นายนนท์ ไพศาลลิ้มเจริญกิจ,ประชาชน,121283,96509,131778,96509,88860,2063,5586,0,0,78.52492254,79.57339446,0,0
13,ปทุมธานี,1,130705,102636,95730,3358,3548,131500,102636,นายเจษฎา ดนตรีเสนาะ,ประชาชน,130705,102636,131500,102636,95201,2882,4553,0,0,79.75672384,78.52492254,0,0
13,ปทุมธานี,2,128907,102812,96562,3225,3025,143800,102812,นายศุภชัย นพขำ,เพื่อไทย,128907,102812,143800,102812,97032,2027,3753,0,0,71.21198318,79.75672384,0,0
13,ปทุมธานี,3,131718,93799,88780,1840,3179,130050,93799,นายเอกศักดิ์ หอมชื่น,ประชาชน,131718,93799,130050,93799,84153,2942,6704,0,0,74.89794836,71.21198318,0,0
13,ปทุมธานี,4,132041,98896,93513,2473,2910,166091,98896,นายสกล สุนทรวาณิชย์กิจ,ประชาชน,132041,98894,166091,98894,90836,2539,5519,2,0.001514681,73.03577685,74.89643368,0,0
13,ปทุมธานี,5,122733,89639,85017,1838,2784,122580,89639,นายเชตวัน เตือประโคน,ประชาชน,122733,89639,122580,89639,82519,1715,5405,0,0,74.703215,73.03577685,0,0
13,ปทุมธานี,6,122395,91433,87165,1489,2779,122776,91433,นายธนภัทร ตระกูลภูชัย,ประชาชน,122395,91434,122777,91434,84382,1781,5271,1,0.000817027,75.62108615,74.70403203,0,0
13,ปทุมธานี,7,121843,92139,86555,2885,2699,139400,92139,นายพิษณุ พลธี,ภูมิใจไทย,121843,92139,139400,92139,86075,2194,3870,0,0,75.73363616,75.62108615,0,0
13,ปทุมธานี,8,122404,92701,86370,3575,2756,122540,92701,นางสาวพรพิมล ธรรมสาร,ภูมิใจไทย,122404,92701,122540,92701,85346,3525,3830,0,0,75.84367042,75.73363616,0,0
14,พระนครศรีอยุธยา,1,140191,106326,97560,4398,4468,156540,106326,นายทรงพล สุขสมบูรณ์,ภูมิใจไทย,140191,106326,156540,106326,97550,3580,5196,0,0,79.83420044,75.84367042,-100,0
14,พระนครศรีอยุธยา,2,128589,102658,92649,5739,4270,130584,102658,นายนพ ชีวานันท์,ภูมิใจไทย,128589,102658,130584,102658,94398,3577,4683,0,0,79.06441493,79.83420044,0,0
14,พระนครศรีอยุธยา,3,136428,107866,99534,4733,3599,141128,107866,นางสาวพิมพฤดา ตันจรารักษ์,ภูมิใจไทย,136428,107866,141128,107866,100331,3677,3858,0,0,81.9549465,79.06441493,0,0
14,พระนครศรีอยุธยา,4,139523,114346,106381,4351,3614,140280,114346,นายคงกฤช รามศักดิ์,ภูมิใจไทย,139523,114346,140280,114346,106913,3109,4324,0,0,79.60033368,81.9549465,0,0
14,พระนครศรีอยุธยา,5,133061,105917,97187,5586,3144,137466,105917,นายปะดิธ สังขจาย,ภูมิใจไทย,133055,105917,137466,105917,98383,4482,3051,0,0,76.67150252,79.60392319,0,1
15,อ่างทอง,1,111666,85616,78304,4357,2955,114700,85616,นายภราดร ปริศนานันทกุล,ภูมิใจไทย,111666,85616,114700,85616,79775,2733,3108,0,0,76.85969533,76.67150252,0,0
15,อ่างทอง,2,112384,86378,78266,5357,2755,112781,86378,นายกรวีร์ ปริศนานันทกุล,ภูมิใจไทย,112384,86378,112780,86378,79838,3301,3239,0,0,72.67915524,76.85969533,0,0
16,ลพบุรี,1,151712,110263,98815,6429,5019,155926,110263,นายนรินทร์ คลังผา,ภูมิใจไทย,151712,110263,155926,110263,100109,3831,6323,0,0,79.40763804,72.67915524,0,0
16,ลพบุรี,2,149672,118851,107859,6589,4403,151542,118851,นางสาวมัลลิกา จิระพันธุ์วานิช,ภูมิใจไทย,149672,118851,151542,118851,110045,4127,4679,0,0,72.73014391,79.40763804,0,0
16,ลพบุรี,3,145648,105930,96662,6371,2897,149501,105930,นางสาวกาญจนาพร จิระพันธุ์วาณิช,ภูมิใจไทย,145648,105930,149500,105929,99225,3885,2819,0,0,77.77755465,72.73014391,0,1
16,ลพบุรี,4,149394,116195,105484,7267,3444,155926,110263,นายวรวงศ์ วรปัญญา,เพื่อไทย,149394,116195,151315,116195,108277,4834,3084,0,0,76.17181423,77.77755465,0,0
17,สิงห์บุรี,1,167134,127309,114741,7036,5532,170975,127309,นายโชติวุฒิ ธนาคมานุสรณ์,ภูมิใจไทย,167134,127309,170975,127309,114708,5450,7151,0,0,71.39359129,76.17181423,0,0
18,ชัยนาท,1,132320,94468,84121,5608,4739,130820,94468,นายอนุชา นาคาศัย,เพื่อไทย,132320,94469,130820,94469,80770,5718,7981,1,0.000755744,73.02758917,71.39434704,0,0
18,ชัยนาท,2,130196,95079,84197,7016,3866,128460,95079,นายมณเฑียร สงฆ์ประชา,ภูมิใจไทย,130196,95079,128460,95079,84484,4951,5644,0,0,76.83494115,73.02758917,0,0
19,สระบุรี,1,128124,98444,89500,4541,4402,136119,98443,นายขุนทอง แสนวิเศษ,ภูมิใจไทย,128124,98444,136120,98444,88053,3702,6689,0,0,78.8749808,76.83494115,1,0
19,สระบุรี,2,136691,107815,97624,6242,3949,139898,107815,นายอรรถพล วงษ์ประยูร,ภูมิใจไทย,136691,107815,139898,107815,99146,4613,4056,0,0,78.90044577,78.8749808,0,0
19,สระบุรี,3,125851,99297,89827,5123,4347,132100,99297,นายวัชรพงศ์ คูวิจิตรสุวรรณ,ภูมิใจไทย,125851,99297,132100,99297,91451,3593,4253,0,0,78.08491404,78.90044577,0,0
19,สระบุรี,4,128318,100197,89044,5645,5508,131400,100197,นายองอาจ วงษ์ประยูร,กล้าธรรม,128318,100197,131400,100197,90067,4340,5790,0,0,75.98304789,78.08491404,0,0
20,ชลบุรี,1,137328,104346,98214,3108,3024,135527,104346,นายสุชาติ ชมกลิ่น,ภูมิใจไทย,137328,104346,135527,104346,97585,2237,4522,0,0,73.76712509,75.98304789,0,2
20,ชลบุรี,2,113941,84051,79159,2290,2602,116080,84051,นางสาววรรณิดา นพสิทธิ์,ประชาชน,113941,84051,116080,84051,78825,1889,3337,0,0,77.49463203,73.76712509,0,0
20,ชลบุรี,3,127143,98529,91927,3382,3220,129654,98529,ร้อยตำรวจเอก สิทธิพัฒน์ ภาวสุทธิ์,ภูมิใจไทย,127143,98529,129655,98529,90301,3292,4936,0,0,73.84319888,77.49463203,0,0
20,ชลบุรี,4,120267,88809,80879,4979,2951,134926,88809,นายจิรวุฒิ สิงห์โตทอง,ภูมิใจไทย,120267,88809,134926,88809,80770,3932,4107,0,0,77.02889908,73.84319888,0,0
20,ชลบุรี,5,134987,103979,95056,5121,3802,140005,103979,นายอนันต์ ปรีดาสุทธิจิตต์,ภูมิใจไทย,134987,103979,140005,103979,95514,3638,4827,0,0,69.66532933,77.02889908,0,0
20,ชลบุรี,6,138584,96545,90677,3018,2850,141533,96545,นางนฤมาศ เปี่ยมบัณฑิต,ประชาชน,138584,96545,141533,96545,89423,2214,4908,0,0,69.41622678,69.66532933,0,0
20,ชลบุรี,7,127875,88766,83989,2295,2482,130698,88766,นายสหัสวัต คุมคง,ประชาชน,127875,88767,130689,88767,82754,2097,3916,1,0.000782014,67.14344706,69.4170088,0,0
20,ชลบุรี,8,140456,94307,88210,3271,2826,138800,94307,นายเชาวลิตร แสงอุทัย,ภูมิใจไทย,140456,94308,138800,94308,86994,3052,4262,1,0.000711967,56.35534194,67.14415902,0,0
20,ชลบุรี,9,122755,69179,65089,2010,2080,123710,69179,นายยอดชาย พึ่งพร,ประชาชน,122755,69180,123711,69180,62409,3133,3638,1,0.000814631,66.14649067,56.35615657,0,0
20,ชลบุรี,10,134698,89098,82021,2723,4354,135872,89098,นายธนาธาร ประมูลพงษ์,ประชาชน,134698,89099,135872,89099,82457,1990,4652,1,0.000742402,75.08911704,66.14723307,0,0
21,ระยอง,1,121750,91421,86337,2322,2762,124138,91421,นางสาวกมนทรรศน์ กิตติสุนทรสกุล,ประชาชน,121750,91421,124138,91421,85091,2387,3943,0,0,66.64466352,75.08911704,0,0
21,ระยอง,2,116650,77741,72857,2183,2701,118162,77741,นายกฤช ศิลปชัย,ประชาชน,116650,77741,118162,77741,68551,3662,5528,0,0,68.60140704,66.64466352,0,0
21,ระยอง,3,124375,85323,77652,3657,4014,126079,85323,นายพศิน ปิตุเตชะ,ประชาธิปัตย์,124375,85323,126079,85323,76463,3562,5298,0,0,73.1583744,68.60140704,0,0
21,ระยอง,4,129478,94724,88462,3406,2856,130998,94724,นายฉัตรชัย ปิตุเตชะ,ภูมิใจไทย,129478,94724,139098,94724,87526,3425,3773,0,0,69.11061032,73.1583744,0,0
21,ระยอง,5,129572,89548,83541,3110,2897,130843,89548,นายวัชรพงษ์ ศิริรักษ์,ประชาชน,129572,89547,130843,89547,81289,3458,4800,1,0.000771772,74.66494636,69.10983855,0,0
22,จันทบุรี,1,148036,110531,100429,4473,5629,152747,110531,พลตำรวจโท สุรพล วิรัตน์โยสินทร์,ภูมิใจไทย,148036,110531,152547,110531,100866,3234,6431,0,0,72.20814588,74.66494636,0,0
22,จันทบุรี,2,142477,102880,91950,5530,5400,146504,102880,นายคัมภีร์ ชื่นบาน,ภูมิใจไทย,142477,102880,146504,102880,91807,5014,6059,0,0,70.98050515,72.20814588,0,0
22,จันทบุรี,3,142294,101001,90597,5733,4671,140360,101001,นายชรัตน์ เนรัญชร,ภูมิใจไทย,142294,101001,140360,101001,91176,4249,5576,0,0,70.76452703,70.98050515,0,0
23,ตราด,1,176946,125215,114946,6120,4149,179613,125215,นายพิชานนท์ อิงประสาร,ภูมิใจไทย,176946,125215,179613,125215,115576,4562,5077,0,0,75.00613597,70.76452703,0,0
24,ฉะเชิงเทรา,1,146676,110016,100617,4049,5350,149580,110016,นางฐิติมา ฉายแสง,เพื่อไทย,146676,110016,149580,110016,96004,4999,9013,0,0,82.17589062,75.00613597,0,0
24,ฉะเชิงเทรา,2,144226,118519,107806,6636,4075,148260,118518,นายอรรถกร ศิริลัทธยากร,กล้าธรรม,142226,118518,148260,118518,109828,4435,4255,1,0.000693356,71.68802687,83.33075528,2,0
24,ฉะเชิงเทรา,3,145910,104600,94168,6896,3536,155660,104600,นายชัยวัฒน์ เป้าเปี่ยมทรัพย์,กล้าธรรม,145910,104600,155660,104600,93753,5457,5390,0,0,79.11070569,71.68802687,0,0
24,ฉะเชิงเทรา,4,154572,122283,111464,6509,4310,156600,122283,จ่าเอก ยศสิงห์ เหลี่ยมเลิศ,กล้าธรรม,154572,122283,156600,122282,112107,4490,5685,0,0,73.29066271,79.11070569,0,1
25,ปราจีนบุรี,1,129363,94811,84899,4566,5346,132748,94811,นายอำนาจ วิลาวัลย์,ภูมิใจไทย,129363,94811,132748,94811,82923,3687,8201,0,0,76.33336389,73.29066271,0,0
25,ปราจีนบุรี,2,141803,108243,99428,5175,3640,,,นายชยุต ภุมมะกาญจนะ,ภูมิใจไทย,141803,108244,,,100450,3515,4279,1,0.000705204,71.08587963,76.3340691,0,0
25,ปราจีนบุรี,3,132022,93849,84893,5140,3816,136596,93849,นายสฤษดิ์ บุตรเนียร,ภูมิใจไทย,132022,93849,136596,93849,84347,4694,4807,0,0,79.6028985,71.08587963,0,1
26,นครนายก,1,104054,82830,74982,4579,3269,107521,82830,นายปิยวัฒน์ กิตติธเนศวร,กล้าธรรม,104054,82830,107421,82830,76781,2694,3355,0,0,80.49841663,79.6028985,0,0
26,นครนายก,2,108945,87699,79406,5064,3229,113648,87699,นายเกรียงไกร กิตติธเนศวร,ภูมิใจไทย,108945,87699,113648,87699,80797,3277,3625,0,0,66.15706906,80.49841663,0,0
27,สระแก้ว,1,147502,97583,88432,5988,3163,149484,97583,นายบดี เทียนทอง,พลังประชารัฐ,147502,97584,149485,97584,89613,3764,4207,1,0.000677957,67.14893969,66.15774701,0,0
27,สระแก้ว,2,145146,97464,89341,4936,3187,147495,97464,นางสาวตรีนุช เทียนทอง,พลังประชารัฐ,145146,97464,147495,97464,89351,3874,4239,0,0,67.47577314,67.14893969,0,0
27,สระแก้ว,3,151072,101937,92333,6205,3399,153383,101937,นายสุรศักดิ์ ชิงนวรรณ์,กล้าธรรม,151072,101937,153343,101937,92868,5224,3845,0,0,70.37926479,67.47577314,0,0
30,นครราชสีมา,1,128670,90557,83542,2694,4321,131461,90557,นายฉัตร สุภัทรวณิชย์,ประชาชน,128270,90557,131461,90557,80985,2325,7247,0,0,74.95008001,70.59873704,0,0
30,นครราชสีมา,2,141226,105849,96874,4214,4761,140352,105849,นายวัชรพล โตมรศักดิ์,เพื่อไทย,141226,105850,140352,105850,96710,3197,5943,1,0.000708085,75.08384961,74.9507881,0,0
30,นครราชสีมา,3,136554,102530,93802,4294,4434,138584,102530,นายศุทธสิทธิ์ พจน์ฐศักดิ์,ประชาชน,136554,102530,138584,102530,92622,3626,6282,0,0,71.32719587,75.08384961,0,0
30,นครราชสีมา,4,131759,93980,85195,4683,4102,133540,93980,นางสาวณัฐจิรา อิ่มวิเศษ,เพื่อไทย,131759,93980,133540,93980,84302,4030,5648,0,0,71.25490607,71.32719587,0,0
30,นครราชสีมา,5,133508,95131,86005,5849,3277,135320,95131,นายสมเกียรติ ตันดิลกตระกูล,เพื่อไทย,133508,95129,135320,95129,87644,3871,3614,2,0.001498038,64.23783023,71.25340804,0,0
30,นครราชสีมา,6,133507,85762,79241,4838,1683,130200,85762,นางพัชราวรรณ ภิญโญ,เพื่อไทย,133507,85762,130200,85762,81811,2110,1841,0,0,59.9692814,64.23783023,0,0
30,นครราชสีมา,7,136725,81993,75590,4463,1940,137633,81993,นางสาวปิยะนุช ยินดีสุข,เพื่อไทย,136725,81993,137653,81993,76958,2717,2318,0,0,65.93157769,59.9692814,0,0
30,นครราชสีมา,8,133816,88227,80704,4520,3003,131280,88227,นายนิกร โสมกลาง,เพื่อไทย,133816,88226,131280,88226,79521,5126,3579,1,0.000747295,68.12215495,65.93083039,0,0
30,นครราชสีมา,9,135762,92484,85355,5140,1989,137644,92484,นายพลพีร์ สุวรรณฉวี,ภูมิใจไทย,135762,92485,137645,92485,87655,2909,1921,1,0.000736583,81.10489318,68.12289153,0,0
30,นครราชสีมา,10,138131,112031,101587,6762,3682,141885,112031,นายบุญจง วงศ์ไตรรัตน์,ภูมิใจไทย,138131,112031,141885,112031,104308,4162,3561,0,0,70.82529377,81.10489318,0,0
30,นครราชสีมา,11,132159,93602,84866,5329,3407,134351,93602,นายอาทิตย์ หวังศุภกิจโกศล,เพื่อไทย,132159,93602,134351,93602,85016,4060,4526,0,0,71.6515092,70.82529377,0,0
30,นครราชสีมา,12,132388,94858,85430,5872,3556,130420,94858,นายนรเสฏฐ์ ศิริโรจนกุล,เพื่อไทย,132388,94858,130420,94858,86006,4617,4235,0,0,60.32773277,71.6515092,0,0
30,นครราชสีมา,13,130106,78490,69798,5171,3521,135116,78490,นายพชร จันทรรวงทอง,เพื่อไทย,130106,78490,135116,78490,66505,6631,5354,0,0,63.93715964,60.32773277,0,0
30,นครราชสีมา,14,130744,83594,75906,3781,3907,132821,83594,นายหนึ่ง ขัติยะนนท์,ประชาชน,130744,83594,132821,83594,73189,4877,5528,0,0,72.0419868,63.93715964,0,0
30,นครราชสีมา,15,138615,99861,92072,5696,2093,139780,99861,นายรชตะ ด่านกุล,เพื่อไทย,138615,99862,139780,99862,95199,2835,1828,1,0.000721423,65.69241629,72.04270822,0,0
30,นครราชสีมา,16,136002,89343,81924,5370,2049,139348,89343,นายตติรัฐ รัตนเศรษฐ,ภูมิใจไทย,136002,89343,139348,89343,83999,2993,2351,0,0,68.76705552,65.69241629,0,0
31,บุรีรัมย์,1,125326,86183,80645,3698,1840,121300,86183,นายสนอง เทพอักษรณรงค์,ภูมิใจไทย,125326,86182,121300,86182,78889,3720,3573,1,0.000797919,63.97367596,68.7662576,0,0
31,บุรีรัมย์,2,127640,81656,75773,4324,1559,123250,81656,นางสาวณัฐธิดา เล็กอุดากร,ภูมิใจไทย,127640,81656,123257,81656,75055,3585,3016,0,0,61.62993386,63.97367596,0,0
31,บุรีรัมย์,3,125637,77430,72834,3622,974,122920,77430,นายอดิพงษ์ ฐิติพิทยา,ภูมิใจไทย,125637,77430,122920,77430,72175,3521,1734,0,0,61.31880611,61.62993386,0,0
31,บุรีรัมย์,4,121519,74514,69590,3723,1201,126152,74514,นายชนกันต์ ทิมาตฤกะ,ภูมิใจไทย,121519,74514,126152,74514,69445,3181,1888,0,0,62.62648549,61.31880611,0,0
31,บุรีรัมย์,5,131438,82315,76953,3841,1521,133779,82315,นายโสภณ ซารัมย์,ภูมิใจไทย,131438,82315,133779,82315,76650,3044,2621,0,0,60.9729614,62.62648549,0,0
31,บุรีรัมย์,6,130776,79738,74605,3578,1555,130060,79738,นายศักดิ์ ซารัมย์,ภูมิใจไทย,130776,79738,130060,79738,73608,3020,3110,0,0,65.61724299,60.9729614,0,0
31,บุรีรัมย์,7,122067,80097,74639,3961,1497,124120,80097,นายพรชัย ศรีสุริยันโยธิน,ภูมิใจไทย,122067,80097,124120,80097,74537,3080,2480,0,0,67.16132234,65.61724299,0,0
31,บุรีรัมย์,8,126957,85266,78587,4384,2295,124360,85266,นายไตรเทพ งามกมล,ภูมิใจไทย,126957,85265,124360,85265,78428,3293,3544,1,0.000787668,62.30818514,67.16053467,0,0
31,บุรีรัมย์,9,127988,79747,73596,4448,1703,132291,79747,นายรุ่งโรจน์ ทองศรี,ภูมิใจไทย,127988,79746,132291,79746,73695,3433,2618,1,0.000781323,61.62933529,62.30740382,0,0
31,บุรีรัมย์,10,121301,74757,69607,3791,1359,122150,74757,นายจักรกฤษณ์ ทองศรี,ภูมิใจไทย,121304,74757,122150,74757,69176,3075,2506,0,0,69.11196344,61.62781112,0,0
32,สุรินทร์,1,136098,94060,87126,4039,2895,136740,94060,นางสาวเบญญา มุ่งเจริญพร,ภูมิใจไทย,136098,94060,136740,94060,85981,3504,4575,0,0,67.80022695,69.11196344,0,0
32,สุรินทร์,2,140119,95001,88367,4756,1878,136500,95001,นายณัฏฐพล จรัสรพีพงษ์,ภูมิใจไทย,140119,95003,136500,95003,89433,3061,2509,2,0.001427358,61.63423105,67.80165431,0,0
32,สุรินทร์,3,137349,84654,78837,4074,1743,139801,84654,นางสาวผกามาศ เจริญพันธ์,ภูมิใจไทย,137349,84655,139802,84655,79639,2774,2242,1,0.000728072,60.92616594,61.63495912,0,0
32,สุรินทร์,4,139651,85084,79794,3634,1656,145755,85084,นางสาวสุรีย์ ธัมมาตร,ภูมิใจไทย,139651,85085,145755,85085,80530,2402,2153,1,0.000716071,60.96091662,60.92688201,0,0
32,สุรินทร์,5,135454,82574,77102,4414,1058,141196,82574,นายภุชงค์ สุภัควรางกูร,ภูมิใจไทย,135454,82574,141196,82574,79444,2057,1073,0,0,60.85028885,60.96091662,0,0
32,สุรินทร์,6,133978,81526,75723,4392,1411,139214,81526,นายล้ำเลิศ พัวพัฒนโชติ,ภูมิใจไทย,133978,81526,139214,81526,76550,3169,1807,0,0,67.01282521,60.85028885,0,0
32,สุรินทร์,7,136450,91439,85211,4423,1805,139380,91439,นายเรืองวิทย์ คูณวัฒนาพงษ์,ภูมิใจไทย,136450,91439,139380,91439,84840,4302,2297,0,0,62.29036195,67.01282521,0,0
32,สุรินทร์,8,136843,85240,78886,4605,1749,138058,85240,นางปทิดา ตันติรัตนานนท์,ภูมิใจไทย,136843,85240,138058,85240,78919,4320,2001,0,0,74.30243668,62.29036195,0,0
33,ศรีสะเกษ,1,132927,98768,92842,4099,1827,137031,98768,นายสิริพงศ์ อังคสกุลเกียรติ,ภูมิใจไทย,132927,98770,137333,98770,94666,2365,1739,2,0.001504585,66.07679699,74.30394126,0,0
33,ศรีสะเกษ,2,128729,85060,79352,4128,1580,133279,85060,นายศุภกิจ สีหาภาค,ภูมิใจไทย,128729,85060,133278,85060,80721,2485,1854,0,0,64.09913921,66.07679699,0,0
33,ศรีสะเกษ,3,128022,82061,75333,4816,1912,132637,82061,นายธนา กิจไพบูลย์ชัย,ภูมิใจไทย,128022,82061,132637,82061,76586,3190,2285,0,0,67.57811543,64.09913921,0,0
33,ศรีสะเกษ,4,122479,82769,76539,4624,1606,124945,82769,นายชิตพล ไตรสรณกุล,ภูมิใจไทย,122479,82768,124945,82768,77864,2762,2142,1,0.000816466,66.6225456,67.57729897,0,0
33,ศรีสะเกษ,5,127679,85063,78316,5120,1627,130792,85063,นางสาวจินณ์ตวรรณ ไตรสรณกุล,ภูมิใจไทย,127679,85062,130792,85062,79671,3443,1948,1,0.000783214,65.2744825,66.62176239,0,0
33,ศรีสะเกษ,6,128551,83911,77850,4905,1156,132592,83911,นายวีระพล จิตสัมฤทธิ์,เพื่อไทย,128551,83911,131872,83912,79063,3411,1438,0,0,66.37631349,65.2744825,0,-1
33,ศรีสะเกษ,7,126857,84203,78925,4270,1008,128820,84203,นางสาววิลดา อินฉัตร,เพื่อไทย,126857,84203,128820,84203,78631,4351,1221,0,0,67.12087978,66.37631349,0,0
33,ศรีสะเกษ,8,133124,89354,83511,4162,1681,134948,89354,นายอาสพลธ์ สรรณ์ไตรภพ,ภูมิใจไทย,133124,89354,134948,89354,84175,3106,2073,0,0,66.7853937,67.12087978,0,0
33,ศรีสะเกษ,9,139255,93002,87485,3885,1632,144376,93002,นายวิทวัส ไตรสรณกุล,ภูมิใจไทย,139255,93002,144376,93002,88566,2757,1679,0,0,75.14417271,66.7853937,0,0
34,อุบลราชธานี,1,132480,99551,92206,3139,4106,142876,99551,นายวรสิทธิ์ กัลป์ตินันท์,เพื่อไทย,132480,99448,142873,99448,87991,4184,7273,103,0.077747585,71.12448652,75.06642512,100,0
34,อุบลราชธานี,2,136569,97134,90040,4165,2929,136240,97134,นายณรงค์ชัย วีระกุล,ไทรวมพลัง,136569,97134,136240,97134,91206,2402,3526,0,0,67.0833542,71.12448652,0,0
34,อุบลราชธานี,3,139753,93751,86350,4485,2916,139300,93751,นางพิมพกาญจน์ พลสมัคร,ไทรวมพลัง,139753,93751,139300,93751,86097,3493,4161,0,0,75.14252832,67.0833542,0,0
34,อุบลราชธานี,4,150321,112955,103550,5080,4325,152140,112955,นางสาวกิตติ์ธัญญา วาจาดี,เพื่อไทย,150321,112955,152140,112955,100779,5245,6931,0,0,65.92504425,75.14252832,0,0
34,อุบลราชธานี,5,131064,86404,80187,4168,2049,124080,86404,นายสุทธิชัย จรูญเนตร,ภูมิใจไทย,131064,86404,124080,86404,80991,3073,2340,0,0,63.57851678,65.92504425,0,0
34,อุบลราชธานี,6,132010,83930,77173,5162,1595,130700,83930,นางสาวธัญธารีย์ สันตพันธุ์,เพื่อไทย,132010,83930,130700,83930,78144,4115,1671,0,0,68.99869723,63.57851678,0,0
34,อุบลราชธานี,7,131259,90567,84963,4240,1364,135484,90567,นางสาวสุดารัตน์ พิทักษ์พรพัลลภ,ภูมิใจไทย,131259,90567,135484,90567,87014,2560,993,0,0,67.10889431,68.99869723,0,0
34,อุบลราชธานี,8,137335,92164,85355,4698,2111,141654,92164,นางสาวแนน บุณย์ธิดา สมชัย,ภูมิใจไทย,137335,92164,141654,92164,87156,2938,2070,0,0,64.25537145,67.10889431,0,0
34,อุบลราชธานี,9,130179,83647,77473,4786,1388,129560,83647,นางจิตรวรรณ หวังศุภกิจโกศล,ไทรวมพลัง,130179,83647,129560,83647,78470,3831,1346,0,0,66.08450345,64.25537145,0,0
34,อุบลราชธานี,10,141083,93234,87008,4729,1497,138236,93234,นายสมศักดิ์ บุญประชม,ไทรวมพลัง,141083,93234,138236,93234,85556,5130,2548,0,0,63.54221338,66.08450345,0,0
34,อุบลราชธานี,11,135277,85958,78793,4742,2423,133540,85958,นางสาวตวงทิพย์ จินตะเวช,ภูมิใจไทย,135277,85958,133540,85958,80032,3254,2672,0,0,73.07123507,63.54221338,0,0
35,ยโสธร,1,144704,105737,99617,4066,2054,147055,105737,นางสุภาพร สลับศรี,ภูมิใจไทย,144704,105736,147054,105736,100743,2894,2099,1,0.000691066,66.65793145,73.07054401,0,0
35,ยโสธร,2,141191,94115,89211,3614,1290,139280,94115,นายวรายุทธ จงอักษร,ภูมิใจไทย,141191,94115,139280,94115,90902,1961,1252,0,0,67.84801674,66.65793145,0,0
35,ยโสธร,3,146753,99569,93788,4069,1712,146120,99569,นายธนพัฒน์ ศรีชนะ,ภูมิใจไทย,146753,99570,146120,99570,93914,3651,2005,1,0.000681417,68.53197057,67.84869815,0,0
36,ชัยภูมิ,1,129541,88777,81337,4386,3054,131010,88777,นายโอซิษฐ์ เกียรติก้องชูชัย,เพื่อไทย,129541,88777,131010,88777,81673,2894,4210,0,0,65.24060167,68.53197057,0,0
36,ชัยภูมิ,2,133561,87136,79374,4999,2763,136036,87136,นายเชิงชาย ชาลีรินทร์,เพื่อไทย,133561,87136,136036,87136,79326,4464,3346,0,0,63.50645674,65.24060167,0,0
36,ชัยภูมิ,3,127154,80751,73106,5668,1977,129026,80751,นายสัมฤทธิ์ แทนทรัพย์,ภูมิใจไทย,127154,80751,129026,80751,75289,3742,1720,0,0,63.15932796,63.50645674,0,0
36,ชัยภูมิ,4,121184,76539,70825,4413,1301,124357,76539,นางสาวสุชาดา ซาง แทนทรัพย์,ภูมิใจไทย,121184,76539,124357,76539,72809,2736,994,0,0,67.74447532,63.15932796,0,0
36,ชัยภูมิ,5,132089,89483,82473,5362,1646,136984,89481,นายศิวะ พงศ์ธีระดุลย์,เพื่อไทย,132089,89483,136986,89483,85450,2651,1382,0,0,66.35074261,67.74447532,2,0
36,ชัยภูมิ,6,134526,89259,81810,5691,1758,135651,89259,นายเชวงศักดิ์ เร่งไพบูลย์วงษ์,ภูมิใจไทย,134526,89261,135653,89261,83346,3852,2063,2,0.001486701,66.77647393,66.35222931,0,0
36,ชัยภูมิ,7,126889,84732,78848,4399,1485,129000,84732,นายอัครแสนคีรี โล่ห์วีระ,กล้าธรรม,126889,84732,129000,84732,81542,2097,1093,0,0,67.11951293,66.77647393,0,0
37,อำนาจเจริญ,1,145524,97675,91168,4066,2441,143780,97675,นางสุขสมรวย วันทนียกุล,ภูมิใจไทย,145524,97677,143780,97677,91024,2940,3713,2,0.001374344,65.8359208,67.12088728,0,0
37,อำนาจเจริญ,2,157168,103473,95867,5084,2522,157080,103473,นางญาญีนาถ เข็มนาค,ภูมิใจไทย,157168,103473,157080,103473,93862,5715,3896,0,0,70.89858671,65.8359208,0,0
38,บึงกาฬ,1,104720,74245,69694,3156,1395,105200,74240,นายสยาม เพ็งทอง,ภูมิใจไทย,104720,74245,105200,74245,69624,2929,1692,0,0,68.60610828,70.89858671,0,0
38,บึงกาฬ,2,109327,75005,70564,3295,1145,113903,75004,นายสุริยา แป้นสุขา,ภูมิใจไทย,109327,75005,113904,75005,72072,1869,1064,0,0,64.37530088,68.60610828,1,0
38,บึงกาฬ,3,118401,76221,71066,3410,1745,119480,76221,นายวิโรจน์ สาระวงศ์,ภูมิใจไทย,118401,76221,119480,76221,70033,3741,2447,0,0,65.67881199,64.37530088,0,0
39,หนองบัวลำภู,1,139258,91463,85052,4425,1986,141049,91463,นายชยานันท์ เกตุเมฆ,กล้าธรรม,139258,91459,141049,91459,86812,2315,2332,4,0.002872366,61.52194218,65.67593962,0,0
39,หนองบัวลำภู,2,135971,83652,78144,4125,1382,136992,83652,นายรุ่งเพชร ศรีกาญจนา,เพื่อไทย,135971,83652,136992,83652,79482,2456,1714,0,0,61.98427701,61.52194218,1,0
39,หนองบัวลำภู,3,133308,82630,76807,4279,1544,132840,82630,นายพรณรงค์ นิลนะมะ,กล้าธรรม,133308,82630,132840,82630,77865,2915,1850,0,0,71.06978558,61.98427701,0,0
40,ขอนแก่น,1,128250,91147,85337,2909,2901,123800,91147,นายวีรนันท์ ฮวดศรี,ประชาชน,128250,91147,123800,91147,83007,2621,5519,0,0,76.00334267,71.06978558,0,0
40,ขอนแก่น,2,138811,105501,98548,3524,3429,139355,105501,นายอิทธิพล ชลธราศิริ,ประชาชน,138811,105501,139515,105501,96299,2789,6413,0,0,68.55601867,76.00334267,0,0
40,ขอนแก่น,3,132197,90629,84521,4458,1650,132760,90629,นายเอกชัย สืบสารคาม,กล้าธรรม,132197,90629,132760,90629,84748,3972,1909,0,0,73.14348587,68.55601867,0,0
40,ขอนแก่น,4,130877,95728,88920,4733,2075,132740,95728,นายรุ่งโรจน์ เย็นสบาย,เพื่อไทย,130877,95728,132740,95728,90702,2779,2247,0,0,64.60193777,73.14348587,0,0
40,ขอนแก่น,5,131801,85146,79025,4885,1236,130260,85146,นายปราชญา หงอกชัย,กล้าธรรม,131801,85145,130260,85145,81109,2579,1457,1,0.00075872,66.32026234,64.60117905,0,0
40,ขอนแก่น,6,129906,86154,79070,5066,2018,130460,86154,นายวิศรุต ปู่เพิ่ง,ภูมิใจไทย,129906,86154,130460,86154,79916,3802,2436,0,0,68.18092533,66.32026234,0,0
40,ขอนแก่น,7,132364,90247,83257,5120,1870,132238,90247,นายสุรพจน์ เตาะเจริญสุข,เพื่อไทย,132364,90247,132238,90247,83207,4413,2627,0,0,69.17083232,68.18092533,0,0
40,ขอนแก่น,8,139634,96586,89655,4641,2290,139120,96586,นายธนิก มาสีพิทักษ์,กล้าธรรม,139634,96586,139120,96586,89683,3629,3274,0,0,66.77033756,69.17083232,0,0
40,ขอนแก่น,9,127326,85016,80096,3898,1022,127820,85016,นายณัฐพล กลุ่มเหรียญทอง,เพื่อไทย,127326,85016,127820,85016,81101,2531,1384,0,0,65.94774628,66.77033756,0,0
40,ขอนแก่น,10,135110,89102,83642,4486,974,133391,89102,นายพชรกร อรรณนพพร,ภูมิใจไทย,135110,89102,132800,89102,83757,3964,1381,0,0,62.78574579,65.94774628,0,0
40,ขอนแก่น,11,131498,82562,76425,4482,1655,134180,82562,นายองอาจ ฉัตรชัยพลรัตน์,ภูมิใจไทย,131498,82562,134180,82562,76313,4128,2121,0,0,66.53518199,62.78574579,0,0
41,อุดรธานี,1,127011,84507,79136,2248,3123,128544,84507,นายอานันท์ อมรินทร์,ประชาชน,127011,84507,128544,84507,76456,2420,5631,0,0,68.58735062,66.53518199,0,0
41,อุดรธานี,2,130457,89477,82886,4035,2556,131451,89477,นางหทัยรัตน์ เพชรพนมพร,เพื่อไทย,130457,89477,131451,89477,82554,3107,3816,0,0,63.41818124,68.58735062,0,0
41,อุดรธานี,3,125833,79801,74655,4002,1143,127200,79801,นายหรั่ง ธุระพล,ภูมิใจไทย,125833,79803,127200,79803,75808,2548,1446,2,0.001589408,59.19545228,63.41977065,1,1
41,อุดรธานี,4,126481,74871,69833,3910,1128,127663,74871,นายไตรภพ คำเพชร,เพื่อไทย,126481,74870,127662,74870,70876,2316,1678,1,0.000790633,59.65644033,59.19466165,0,0
41,อุดรธานี,5,123472,73659,68942,3466,1250,125445,73658,นางบัวเงิน รอดขันเมือง,ภูมิใจไทย,123472,73659,125445,73659,69548,2386,1725,0,0,63.92489199,59.65644033,1,0
41,อุดรธานี,6,126378,80787,75973,3536,1278,,,นายอดิศักดิ์ แก้วมุงคุณทรัพย์,ภูมิใจไทย,126378,80892,127612,80892,77405,2375,1112,105,0.083084081,60.43867788,64.00797607,0,0
41,อุดรธานี,7,128249,77512,72005,3585,1922,124620,77512,นายสุริยา วงศ์อารีย์,ประชาชน,128249,77512,124620,77512,71025,3440,3047,0,0,62.16165536,60.43867788,0,0
41,อุดรธานี,8,122656,76245,70133,4385,1727,126619,76245,นายสุภีรภัทร ภูมิภักดิ์,ภูมิใจไทย,122656,76246,126620,76246,71066,2884,2296,1,0.000815288,64.75264027,62.16247065,0,0
41,อุดรธานี,9,124798,80810,74887,4057,1866,130290,80810,นายวัชระพล ขาวขำ,เพื่อไทย,124798,80810,130290,80810,73427,4633,2750,0,0,64.51626026,64.75264027,0,0
41,อุดรธานี,10,122907,79295,73021,4356,1918,127056,79295,นางเทียบจุฑา ขาวขำ,เพื่อไทย,122907,79295,127036,79295,72317,4832,2146,0,0,74.68258767,64.51626026,0,0
42,เลย,1,125704,93879,86344,4372,3164,124100,93879,นายเลิศศักดิ์ พัฒนชัยกุล,เพื่อไทย,125704,93879,124100,93879,85064,4573,4242,0,0,62.78877391,74.68258767,-1,0
42,เลย,2,132976,83494,75485,5168,2841,133800,74652,นายศรัณย์ ทิมสุวรรณ,เพื่อไทย,132976,83494,133800,83494,72730,6284,4480,0,0,72.90363499,62.78877391,0,0
42,เลย,3,126135,91957,83264,5544,3099,125700,87074,นายธนยศ ทิมสุวรรณ,ภูมิใจไทย,126135,91957,125700,87074,83065,4484,4408,0,0,68.60852654,72.90363499,50,0
42,เลย,4,123919,85019,76593,5362,3064,129423,85019,นายสมเจตน์ แสงเจริญรัตน์,เพื่อไทย,123919,85019,129423,85019,74118,6443,4458,0,0,68.46791306,68.60852654,0,0
43,หนองคาย,1,139496,95510,88417,4753,2340,135320,95510,นายกระแสร์ ตระกูลพรพงศ์,พลังประชารัฐ,139496,95511,135320,95511,88967,3879,2665,1,0.000716866,62.80605328,68.46862992,0,0
43,หนองคาย,2,136455,85702,79751,4715,1236,133780,85702,นายยุทธนา ศรีตะบุตร,พลังประชารัฐ,136455,85701,133780,85701,81218,3298,1185,1,0.000732842,63.40504246,62.80532044,0,0
43,หนองคาย,3,137314,87064,80364,4505,2195,136000,87064,นายศักดิ์ดา จันทรสุวรรณ,ภูมิใจไทย,137314,87064,136000,87064,78176,5458,3430,0,0,69.72776546,63.40504246,0,0
44,มหาสารคาม,1,129888,90568,84685,3371,2512,127447,90568,นายฤทธิรงค์ ภูมิสวัสดิ์,ภูมิใจไทย,129888,90569,127447,90569,84916,2106,3547,1,0.000769894,64.45318585,69.72853535,0,0
44,มหาสารคาม,2,128380,82745,77478,3814,1453,127600,82745,นายประวัติ ทองสมบูรณ์,ภูมิใจไทย,128380,82745,127600,82745,78715,2177,1853,0,0,67.4036717,64.45318585,0,0
44,มหาสารคาม,3,130076,87676,83196,3505,975,128620,87676,นายลัทธชัย โชคชัยวัฒนากร,ภูมิใจไทย,130076,87676,124620,87676,84786,2024,866,0,0,67.45439963,67.4036717,0,0
44,มหาสารคาม,4,125931,84946,79695,4101,1150,123850,84946,นายวิเชียร จงชูวณิชย์,ภูมิใจไทย,125931,84945,123850,84945,80681,2959,1305,1,0.000794086,63.94672868,67.45360555,0,0
44,มหาสารคาม,5,132454,84700,78705,3676,2319,130380,84700,นายจิรวัฒน์ ศิริพานิชย์,เพื่อไทย,132454,84701,130380,84701,77618,3056,4027,1,0.000754979,71.44037348,63.94748365,0,0
44,มหาสารคาม,6,128307,91663,85988,4068,1607,128140,91663,นางคมคาย อุดรพิมพ์,ภูมิใจไทย,128307,91663,128140,91663,87058,2465,2140,0,0,74.98077457,71.44037348,0,0
45,ร้อยเอ็ด,1,126135,94577,89040,3312,2225,126200,94577,นายอนุรักษ์ จุรีมาศ,ภูมิใจไทย,126135,94576,126200,94576,89385,2687,2504,1,0.000792801,67.13588575,74.97998177,0,0
45,ร้อยเอ็ด,2,136681,91762,86127,4016,1619,143691,91762,นายเอกรัฐ พลชื่อ,กล้าธรรม,136681,91762,143691,91762,86974,2981,1807,0,0,64.47019868,67.13588575,0,0
45,ร้อยเอ็ด,3,132880,85668,80053,3999,1616,121625,85668,นางรัชนี พลชื่อ,กล้าธรรม,132880,85667,121625,85667,81733,2196,1738,1,0.000752559,64.83154221,64.46944612,0,0
45,ร้อยเอ็ด,4,129528,83975,79301,3340,1334,133029,83975,นายศุภศิษย์ กอเจริญยศ,เพื่อไทย,129528,83975,133029,83975,80404,1967,1604,0,0,60.02747768,64.83154221,0,0
45,ร้อยเอ็ด,5,133199,79956,74715,3208,2033,130760,79956,นางสาวจิราพร สินธุไพร,เพื่อไทย,133199,79956,130760,79956,72043,4678,3235,0,0,62.45984784,60.02747768,0,0
45,ร้อยเอ็ด,6,130130,81279,76819,3194,1266,134575,81279,นายทองลี มีหินกอง,เพื่อไทย,130130,81281,134577,81281,76554,3087,1640,2,0.001536925,63.19326105,62.46138477,0,0
45,ร้อยเอ็ด,7,134383,84921,80966,3109,846,137610,84921,นายชัชวาล แพทยาไทย,ไทยสร้างไทย,134383,84922,137610,84922,81314,2760,848,1,0.000744142,67.95846538,63.19400519,0,0
45,ร้อยเอ็ด,8,131264,89205,84903,3126,1176,136293,89205,นางสาวชญาภา สินธุไพร,เพื่อไทย,131264,89205,136293,89205,85433,2155,1617,0,0,68.57468903,67.95846538,0,0
46,กาฬสินธุ์,1,131445,90138,82880,4696,2562,133396,90138,นายวิรัช พิมพะนิตย์,เพื่อไทย,131445,90137,133395,90137,83744,2808,3585,1,0.000760774,65.15888739,68.57392826,0,0
46,กาฬสินธุ์,2,126190,82224,76444,3997,1783,127837,82224,นายพลากร พิมพะนิตย์,เพื่อไทย,126190,82224,128597,82224,76321,2832,3071,0,0,66.35252268,65.15888739,0,0
46,กาฬสินธุ์,3,124253,82445,75717,4820,1908,123780,82445,นายจำลอง ภูนวนทา,กล้าธรรม,124253,82445,123780,82445,78033,2518,1894,0,0,66.06591634,66.35252268,0,0
46,กาฬสินธุ์,4,136385,90104,83586,4743,1775,134800,90104,นายณัฐวัชต์ พิมพะนิตย์,เพื่อไทย,136385,90104,134800,90104,85649,2514,1941,0,0,68.3923408,66.06591634,0,0
46,กาฬสินธุ์,5,137299,93902,87638,4515,1749,138640,93902,นางสาวบุญญาภา นาชัยเวียง ปุณณนิฏฐา,ภูมิใจไทย,137299,93903,138741,93903,89758,2305,1840,1,0.000728337,70.63520149,68.39306914,0,0
46,กาฬสินธุ์,6,135642,95811,89550,4604,1657,136930,95811,นายชนะวุธ อุทโท,เพื่อไทย,135642,95812,137065,95812,91466,2483,1863,1,0.000737235,71.99727467,70.63593872,0,0
47,สกลนคร,1,133562,96161,89020,3791,3349,135580,96161,นายสิรภพ สมผล,กล้าธรรม,133562,96161,135580,96161,90090,2335,3736,0,0,67.46312103,71.99727467,1,0
47,สกลนคร,2,131918,88996,83303,3902,1791,131640,88996,นายชาตรี หล้าพรหม,กล้าธรรม,131918,88996,131640,88996,83880,3317,1799,0,0,64.28454156,67.46312103,0,0
47,สกลนคร,3,133998,86140,79788,3591,2761,134660,86140,นางสาวจิรัชยา สัพโส,เพื่อไทย,133998,86140,134660,86140,78470,4110,3560,0,0,62.76438686,64.28454156,0,0
47,สกลนคร,4,132760,83326,76144,4045,3137,132760,83326,นายพัฒนา สัพโส,เพื่อไทย,132760,83327,132760,83327,75903,3434,3990,1,0.000753239,64.38480747,62.7651401,0,0
47,สกลนคร,5,129748,83538,78298,3643,1597,128200,83538,นางสาววงศ์อะเกื้อ บุญศล,กล้าธรรม,129748,83538,128200,83538,79654,2233,1651,0,0,61.90468868,64.38480747,0,0
47,สกลนคร,6,130058,80512,75630,3150,1732,133826,80512,นายบรม เอ่งฉ้วน,ภูมิใจไทย,130058,80511,133826,80511,75062,3189,2260,1,0.000768888,57.72180873,61.90391979,0,0
47,สกลนคร,7,131938,76157,71983,3623,551,131320,76157,นายอิสรพงษ์ อุประ,เพื่อไทย,131938,76157,131320,76157,71830,2799,1528,0,0,68.60338775,57.72180873,0,0
48,นครพนม,1,143576,98498,92903,4490,1105,145374,98498,นางสาวศุภพานี โพธิ์สุ,ภูมิใจไทย,143576,98499,145375,98499,94537,2636,1326,1,0.000696495,65.83925589,68.60408425,0,0
48,นครพนม,2,143097,94214,86927,4599,2688,143605,94214,นางมนพร เจริญศรี,เพื่อไทย,143097,94215,143606,94215,85967,4001,4247,1,0.000698827,66.03254384,65.83995472,0,0
48,นครพนม,3,142454,94066,88074,4106,1886,144151,94066,นายอลงกต มณีกาศ,ภูมิใจไทย,142454,94066,144151,94066,88863,2983,2220,0,0,66.44590544,66.03254384,0,0
48,นครพนม,4,144802,96215,90744,4001,1470,147662,96215,นายชาญชัย คำจำปา,เพื่อไทย,144802,96215,147662,96215,92181,2349,1685,0,0,73.86337207,66.44590544,0,0
49,มุกดาหาร,1,141889,104804,97368,5024,2412,142920,100435,นายวิริยะ ทองผา,ภูมิใจไทย,141889,104804,146717,104804,98985,3140,2679,0,0,72.8541098,73.86337207,0,0
49,มุกดาหาร,2,138474,100884,93394,5240,2250,144308,100884,นายเลขาดำไตรสรณคมน์ หนองเรือง,กล้าธรรม,138474,100884,144308,100884,94225,3958,2701,0,0,74.740974,72.8541098,0,0
50,เชียงใหม่,1,137824,103011,96338,2642,4031,140334,103011,นางสาวเพชรรัตน์ ใหม่ชมภู,ประชาชน,137824,103006,140333,103006,93695,2478,6833,5,0.003627815,78.9698108,74.73734618,0,0
50,เชียงใหม่,2,143760,113527,104169,3895,5463,144642,113527,นางสาวการณิก จันทดา,ประชาชน,143760,113528,144643,113528,101324,3485,8719,1,0.000695604,80.09208381,78.9705064,0,0
50,เชียงใหม่,3,139221,111505,102183,4359,4963,145238,111505,นายณัฐพล โตวิจักษณ์ชัยกุล,ประชาชน,139221,111503,145236,111503,99756,3901,7846,2,0.001436565,79.70888461,80.09064724,0,0
50,เชียงใหม่,4,144891,115491,107169,3710,4612,146119,115491,นางสาวพุธิตา ชัยอนันต์,ประชาชน,144891,115490,141118,115490,105843,2757,6890,1,0.000690174,77.05277382,79.70819444,0,0
50,เชียงใหม่,5,133210,102642,93381,4942,4319,139560,102642,นายสมชิด กันธะยา,ประชาชน,133210,102641,139560,102641,91933,4379,6329,1,0.000750694,71.59025047,77.05202312,0,0
50,เชียงใหม่,6,127678,91405,82957,5670,2778,129200,91405,นางสาวสุภานันท์ ปัญญาทิพย์,กล้าธรรม,127678,91404,129199,91404,81574,6347,3483,1,0.00078322,73.92672123,71.58946725,0,0
50,เชียงใหม่,7,133190,98463,89283,6216,2964,135255,98463,นายการุณย์ คูเจริญชัยกุล,กล้าธรรม,133190,98463,135255,98463,90578,4708,3177,0,0,82.45416419,73.92672123,0,0
50,เชียงใหม่,8,141156,116389,106796,4877,4716,147288,116389,นายภัทรพงษ์ ลีลาภัทร์,ประชาชน,141156,116389,147288,116389,106179,3774,6436,0,0,83.74084293,82.45416419,0,0
50,เชียงใหม่,9,126132,105624,96856,5659,3109,132482,105625,นายนเรศ ธำรงค์ทิพยคุณ,กล้าธรรม,126132,105624,132602,105624,96198,5953,3473,0,0,75.41983478,83.74084293,0,0
50,เชียงใหม่,10,121655,91752,83963,6489,1300,122580,91752,นายนรพล ตันติมนตรี,กล้าธรรม,121655,91752,122580,91752,80699,9656,1397,0,0,82.27316343,75.41983478,0,0
51,ลำพูน,1,170916,140618,127949,5987,6682,172367,140618,นายวิทวิสิทธิ์ ปันสวนปลูก,ประชาชน,170916,140617,172364,140617,125326,5765,9526,1,0.000585083,81.12658875,82.27257834,0,0
51,ลำพูน,2,162313,131679,118060,8173,5446,166265,131679,นายชัชพีร์ วรรณาพิรัชย์,ประชาชน,162313,131679,166265,131679,116879,7568,7232,0,0,76.60855481,81.12658875,0,0
52,ลำปาง,1,146327,112099,102321,4276,5502,148171,112099,นางทิพา ปวีณาเสถียร,ประชาชน,146327,112100,148172,112100,98457,4665,8978,1,0.000683401,73.98007182,76.60923821,0,0
52,ลำปาง,2,150942,111667,100997,6936,3734,144380,111667,นายดาชัย เอกปฐพี,กล้าธรรม,150942,111667,144380,111667,98377,7842,5448,0,0,76.82368702,73.98007182,0,0
52,ลำปาง,3,147051,112970,101555,5993,5422,138400,112970,นายชลธานี เชื้อน้อย,ประชาชน,147051,112970,138400,112970,100661,4528,7781,0,0,73.3785583,76.82368702,0,0
52,ลำปาง,4,157730,115740,105524,6688,3528,160294,115740,นางสาวเพ็ญภัค รัตนคำฟู,กล้าธรรม,157730,115740,160294,115740,104442,6630,4668,0,0,74.1157257,73.3785583,0,0
53,อุตรดิตถ์,1,118176,87587,80582,4107,2897,119652,87586,นายพิชญุตม์ พอจิต,ภูมิใจไทย,118176,87587,119652,87587,80546,3470,3571,0,0,66.46408265,74.1157257,1,0
53,อุตรดิตถ์,2,125051,83114,74563,5243,3308,128889,83114,นางสาวรสรินทร์ ศรัณย์เกตุ,โอกาสใหม่,125051,83114,128889,83114,74992,3780,4342,0,0,68.48311104,66.46408265,0,0
53,อุตรดิตถ์,3,123483,84565,76848,4226,3491,126766,84565,นายรวี เล็กอุทัย,เพื่อไทย,123483,84565,126766,84565,74882,4781,4902,0,0,80.43647382,68.48311104,0,0
54,แพร่,1,122115,98225,92182,3505,2538,124557,98225,นางสาวชนกนันท์ ศุภศิริ,ภูมิใจไทย,122115,98225,124667,98225,92581,2743,2901,0,0,76.48383963,80.43647382,0,0
54,แพร่,2,116303,88953,83006,4148,1799,124839,79831,นายชนาธิป ศุภศิริ,ภูมิใจไทย,116303,88953,124928,79831,83283,3325,2345,0,0,69.20530345,76.48383963,0,0
54,แพร่,3,121732,84245,76597,4582,3066,122880,84245,นางสาวลักษณารีย์ ดวงตาดำ,ประชาชน,121732,84246,115015,84246,73590,6065,4591,1,0.000821477,76.61866133,69.20612493,0,0
55,น่าน,1,139915,107201,97503,4676,5022,143666,107201,นายเชาว์วิชญ์ อินน้อย,ประชาชน,139889,107125,,,95619,4395,7111,76,0.054318693,76.08225777,76.57857301,0,0
55,น่าน,2,129544,98560,90844,4105,3611,133366,98560,นายประสิทธิ์ โนทะ,กล้าธรรม,129540,98561,133247,98561,90486,3523,4552,1,0.000771938,74.77599352,76.08537903,0,0
55,น่าน,3,119751,89545,81284,4915,3346,123571,89545,นายเจริญ อภิภัทรโกศล,ประชาชน,119751,89542,123591,89542,79242,5479,4820,3,0.002505198,78.89731253,74.77348832,0,1
56,พะเยา,1,124913,98553,92867,3581,2105,128080,94624,นายอัครา พรหมเผ่า,กล้าธรรม,124913,98553,128162,94625,91545,2995,4013,0,0,75.06780787,78.89731253,0,0
56,พะเยา,2,127935,96038,89511,4411,2116,128162,96038,นายอนุรัตน์ ตันบรรจง,กล้าธรรม,127935,96038,128163,96038,88518,4097,3423,0,0,75.07768324,75.06780787,0,0
56,พะเยา,3,130337,97854,90428,5204,2222,135206,97854,นายจีรเดช ศรีวิราช,กล้าธรรม,130337,97854,135206,97854,89651,4715,3488,0,0,77.18702333,75.07768324,0,0
57,เชียงราย,1,141608,109303,100279,4331,4693,143184,109303,นายธนรัช จงสุทธานามณี,เพื่อไทย,141608,109317,143285,109317,98917,3599,6801,14,0.009886447,75.96256805,77.19690978,0,0
57,เชียงราย,2,132614,100737,91960,5143,3634,134021,100737,นางสาวปิยะรัฐชย์ ติยะไพรัช,เพื่อไทย,132614,100731,134022,100731,88811,6400,5520,6,0.004524409,74.97302666,75.95804365,0,0
57,เชียงราย,3,139953,104927,95336,6268,3323,144267,104927,นายพิทักษ์ แสงคำ,กล้าธรรม,139953,104922,143995,104922,91475,8431,5016,5,0.003572628,75.61756084,74.96945403,0,0
57,เชียงราย,4,141565,107048,98804,4875,3369,145671,107048,นายสุรสิทธิ์ เจียมวิจักษณ์,กล้าธรรม,141565,107048,145673,107048,95195,6117,5736,0,0,75.44233041,75.61756084,0,0
57,เชียงราย,5,132028,99605,92525,4312,2768,135910,99605,นายรังสรรค์ วันไชยธนวงศ์,ภูมิใจไทย,132028,99604,135889,99604,91365,4742,3497,1,0.000757415,67.80284492,75.441573,0,0
57,เชียงราย,6,126682,85894,78227,4825,2842,128725,85894,นางมลธิชา ไชยบาล,กล้าธรรม,126682,85892,128724,85892,76481,5544,3867,2,0.001578756,72.77970699,67.80126616,0,0
57,เชียงราย,7,134194,97666,88463,5624,3579,136218,97666,นายสุธีระพงษ์ วันไชยธนวงศ์,กล้าธรรม,134194,97669,135929,97669,89036,4487,4146,3,0.002235569,71.56025912,72.78194256,0,0
58,แม่ฮ่องสอน,1,95247,68159,62848,3036,2275,92602,68159,นายปกรณ์ จีนาคำ,กล้าธรรม,95247,68159,92602,68159,61134,3932,3093,0,0,77.49080949,71.56025912,0,0
58,แม่ฮ่องสอน,2,96023,74409,68280,4732,1397,96720,74409,นายสมบัติ ยะสินธุ์,ภูมิใจไทย,96023,74409,96720,74409,67196,5450,1763,0,0,71.44721097,77.49080949,0,0
60,นครสวรรค์,1,138722,99113,91547,3840,3726,135300,99113,นางสาวภัทราวดี นิโรจน์,ภูมิใจไทย,138722,99113,135300,99113,90110,3488,5515,0,0,76.04578002,71.44721097,0,0
60,นครสวรรค์,2,137003,104185,94978,6300,2907,137840,104185,นายชานนท์ ไทยเศรษฐ์,ภูมิใจไทย,137003,104185,137830,104185,96984,3889,3312,0,0,68.23564724,76.04578002,0,0
60,นครสวรรค์,3,146592,100028,90037,6512,3479,146840,100028,นายสัญญา นิลสุพรรณ,กล้าธรรม,146592,100028,146840,100028,90997,4841,4190,0,0,66.17637581,68.23564724,0,0
60,นครสวรรค์,4,139645,92412,83094,6953,2365,135840,92412,นายมารุต ศรีผึ้ง,ภูมิใจไทย,139645,92413,135840,92413,83748,5325,3340,1,0.000716102,68.00094674,66.17709191,0,0
60,นครสวรรค์,5,139426,94811,85271,6456,3084,137000,94811,นายพีระเดช ศิริวันสาณฑ์,ภูมิใจไทย,139526,94811,136980,94811,87228,4280,3303,0,0,65.98744363,67.95220962,0,0
60,นครสวรรค์,6,136823,90286,81637,6832,1817,135640,90286,นายประสาท ตันประเสริฐ,ภูมิใจไทย,136823,90286,135640,90286,85258,3439,1589,0,0,66.42002655,65.98744363,0,0
61,อุทัยธานี,1,127311,84560,77569,4102,2889,127820,84560,นายเจเศรษฐ์ ไทยเศรษฐ์,ภูมิใจไทย,127311,84560,127820,84560,76524,3381,4655,0,0,62.36471218,66.42002655,0,0
61,อุทัยธานี,2,134528,83898,77279,4250,2369,134619,83898,นายชาดา ไทยเศรษฐ์,ภูมิใจไทย,134528,83898,134619,83898,77470,3461,2967,0,0,70.11231296,62.36471218,0,0
62,กำแพงเพชร,1,144685,101442,91168,6367,3907,146632,101439,นายไผ่ ลิกค์,กล้าธรรม,144685,101442,146632,101439,90911,5247,5281,0,0,71.19651186,70.11231296,0,3
62,กำแพงเพชร,2,147930,105321,94653,7616,3052,150483,105321,นายเพชรภูมิ อาภรณ์รัตน์,กล้าธรรม,147930,105321,150483,105321,97504,4752,3065,0,0,66.26794432,71.19651186,0,0
62,กำแพงเพชร,3,137857,91355,81932,6661,2762,138308,91355,นายนพพล ผลอำนวย,เพื่อไทย,137857,91355,138308,91355,83994,4217,3144,0,0,67.41265589,66.26794432,0,0
62,กำแพงเพชร,4,138876,93620,84498,6546,2576,143164,93620,นายสุรสิทธิ์ วงศ์วิทยานันท์,เพื่อไทย,138876,93620,143164,93620,86283,4444,2893,0,0,69.94839986,67.41265589,0,0
63,ตาก,1,150581,105329,94793,6201,4335,155591,105329,นายธนัสถ์ ทวีเกื้อกูลกิจ,ภูมิใจไทย,150581,105329,155591,105329,96390,3819,5119,0,0,65.56544491,69.94839986,0,1
63,ตาก,2,136061,89209,78750,6051,4408,132116,89209,นายชิงชัย ก่อประภากิจ,กล้าธรรม,136061,89186,132076,89186,61640,9782,17764,23,0.016904183,71.75880144,65.54854073,0,0
63,ตาก,3,134495,96512,87421,6786,2305,138306,96512,นายภาคภูมิ บูลย์ประมุข,กล้าธรรม,134495,96512,138306,96512,85954,7567,2991,0,0,71.32407039,71.75880144,0,0
64,สุโขทัย,1,118249,84340,75861,4950,3529,120089,84340,นางสาวณัคนางค์ กุลนาถศิริ,เพื่อไทย,118249,84340,120089,84340,74658,4044,5638,0,0,66.15878921,71.32407039,0,0
64,สุโขทัย,2,118270,78246,70647,5228,2371,119891,78246,นายชูศักดิ์ คีรีมาศทอง,เพื่อไทย,118270,78246,119891,78246,71207,3646,3393,0,0,69.48919042,66.15878921,0,0
64,สุโขทัย,3,120495,83731,74676,5406,3649,121828,83731,นางสาวประภาพร ทองปากน้ำ,เพื่อไทย,120495,83731,121828,83731,73310,4615,5806,0,0,72.91834749,69.48919042,0,0
64,สุโขทัย,4,120229,87669,80489,5164,2016,121644,87669,นายสมเจตน์ ลิมปะพันธุ์,ภูมิใจไทย,120229,87668,121643,87668,82780,2915,1973,1,0.000831746,71.30067023,72.91751574,0,0
65,พิษณุโลก,1,139505,99468,90992,3460,5016,140788,99468,นายณฐชนน ชนะบูรณาศักดิ์,ประชาชน,139505,99468,140788,99468,89782,3147,6539,0,0,68.71227637,71.30067023,0,0
65,พิษณุโลก,2,147454,101319,90654,5176,5489,149154,101319,นายนพพล เหลืองทองนารา,เพื่อไทย,147554,101319,149154,101319,88246,5057,8016,0,0,66.44503856,68.66570883,0,0
65,พิษณุโลก,3,142882,94938,85820,6469,2649,144438,94938,นายพงษ์มนู ทองหนัก,ภูมิใจไทย,142882,94938,144438,94938,87798,4233,2907,0,0,73.71245807,66.44503856,0,0
65,พิษณุโลก,4,128190,94492,86559,5614,2319,130187,94492,นายนิยม ช่างพินิจ,ภูมิใจไทย,128190,94492,130189,94492,88736,3345,2411,0,0,71.28358254,73.71245807,0,0
65,พิษณุโลก,5,132621,94537,85739,5713,3085,134321,94537,นายจุติ ไกรฤกษ์,ภูมิใจไทย,132621,94537,134321,94537,87172,4367,2998,0,0,69.29325416,71.28358254,0,0
66,พิจิตร,1,145512,100830,91071,6323,3436,147999,100830,นายภัทรพงศ์ ภัทรประสิทธิ์,ภูมิใจไทย,145512,100830,147999,100830,91069,5082,4679,0,0,64.9057545,69.29325416,0,0
66,พิจิตร,2,140325,91079,82191,6237,2651,142456,91079,นายวินัย ภัทรประสิทธิ์,ภูมิใจไทย,140325,91079,142456,91078,83178,4341,3559,0,0,71.01168963,64.9057545,0,1
66,พิจิตร,3,141664,100598,91584,6773,2241,147825,100598,นายศิริวัฒน์ ขจรประศาสน์,ภูมิใจไทย,141664,100598,147825,100598,94660,3740,2197,0,0,67.66583043,71.01168963,0,1
67,เพชรบูรณ์,1,131143,88739,80482,4651,3606,132061,88739,นางสาวพิมพ์พร พรพฤฒิพันธุ์,ภูมิใจไทย,131143,88736,132483,88734,80633,3607,4494,3,0.002287579,76.43975862,67.66354285,0,2
67,เพชรบูรณ์,2,131081,100198,91409,5986,2803,126200,100198,นายยุพราช บัวอินทร์,ภูมิใจไทย,131081,100198,126200,100198,95529,2599,2070,0,0,72.8554623,76.43975862,0,0
67,เพชรบูรณ์,3,126659,92278,83320,5865,3093,123580,92278,นายบุญชัย กิตติธราทรัพย์,ภูมิใจไทย,126659,92278,123580,92278,85510,3669,3099,0,0,61.97907163,72.8554623,0,0
67,เพชรบูรณ์,4,126049,78124,70550,5347,2227,128890,78124,นายวรโชติ สุคนธ์ขจร,ภูมิใจไทย,126049,78124,128891,78124,72394,3038,2692,0,0,61.9641424,61.97907163,0,0
67,เพชรบูรณ์,5,132078,81841,74502,4903,2436,131980,81841,นางวันเพ็ญ พร้อมพัฒน์,ภูมิใจไทย,132078,81841,131980,81841,73475,5215,3151,0,0,63.42182891,61.9641424,0,0
67,เพชรบูรณ์,6,137973,87505,79123,5895,2387,136560,87505,นายอัคร ทองใจสด,ภูมิใจไทย,137973,87505,136560,87505,81129,3705,2571,0,0,76.13831784,63.42182891,100,100
70,ราชบุรี,1,140141,106701,96579,4836,5286,147660,106701,นางสาวกุลวลี นพอมรบดี,ภูมิใจไทย,140141,106701,147660,106701,97874,3438,5389,0,0,72.89718955,76.13831784,0,0
70,ราชบุรี,2,139159,101443,89744,6388,5311,139540,101443,นางบุญยิ่ง นิติกาญจนา,กล้าธรรม,139159,101443,139540,101443,89818,5088,6537,0,0,76.81502898,72.89718955,0,0
70,ราชบุรี,3,143882,110523,98080,6503,5940,144726,110523,นายจตุพร กมลพันธ์ทิพย์,กล้าธรรม,143882,110523,144726,115223,96267,5970,8286,0,0,80.53055694,76.81502898,0,0
70,ราชบุรี,4,140230,112928,102853,5818,4257,144220,112928,นายอัครเดช วงษ์พิทักษ์โรจน์,ภูมิใจไทย,140230,112928,144220,112928,107579,2805,2544,0,0,85.73329446,80.53055694,0,0
70,ราชบุรี,5,133773,114688,104714,6231,3743,135560,114688,นายบุญลือ ประเสริฐโสภา,ภูมิใจไทย,133773,114688,135560,114688,108560,3139,2989,0,0,72.49583327,85.73329446,0,0
71,กาญจนบุรี,1,133198,96563,86461,4938,5164,133671,96563,นายอัครนันท์ กัณณ์กิตตินันท์,เพื่อไทย,133198,96564,133672,96564,85850,3815,6899,1,0.000750762,78.78902957,72.49658403,0,0
71,กาญจนบุรี,2,131663,103736,94230,5775,3731,135980,103736,นายชูเกียรติ จีนาภักดิ์,ภูมิใจไทย,131663,103736,135980,103736,97680,2899,3157,0,0,83.78587026,78.78902957,0,0
71,กาญจนบุรี,3,136011,113958,104226,6433,3299,136919,113958,นายยศวัฒน์ มาไพศาลสิน,ภูมิใจไทย,136011,113958,136919,113958,107950,3604,2404,0,0,69.90194027,83.78587026,0,0
71,กาญจนบุรี,4,133796,93526,82014,7657,3855,138690,93526,นางสาววิสุดา วิเชียรศิลป์,ภูมิใจไทย,133796,93526,138690,93526,82897,5654,4975,0,0,72.60956419,69.90194027,0,0
71,กาญจนบุรี,5,122645,89052,81443,5480,2129,125628,89052,นายพนม โพธิ์แก้ว,เพื่อไทย,122645,89052,125628,89052,82962,4176,1914,0,0,75.69452139,72.60956419,0,0
72,สุพรรณบุรี,1,135381,102476,93897,4799,3780,144560,98442,นายสรชัด สุจิตต์,ภูมิใจไทย,135381,102476,144560,98442,94634,3079,4763,0,0,70.67512502,75.69452139,0,0
72,สุพรรณบุรี,2,129576,91578,84219,4304,3055,131500,88204,นายณัฐวุฒิ ประเสริฐสุวรรณ,ภูมิใจไทย,129576,91578,131500,88204,84520,3540,3518,0,0,81.8032071,70.67512502,0,0
72,สุพรรณบุรี,3,130523,106772,97354,6610,2808,134780,103667,นายณัฐชาติ วงศ์ประเสริฐ,กล้าธรรม,130523,106772,134780,103667,101452,3416,1904,0,0,72.47846584,81.8032071,0,0
72,สุพรรณบุรี,4,137456,99626,90149,6493,2984,141338,95428,นายเสมอกัน เที่ยงธรรม,ภูมิใจไทย,137556,99626,141338,95428,90996,4733,3897,0,0,75.02123633,72.42577568,0,0
72,สุพรรณบุรี,5,144799,108630,98533,5943,4154,143780,104712,นายประภัตร โพธสุธน,ภูมิใจไทย,144799,108630,143780,104712,98539,4594,5497,0,0,80.49117019,75.02123633,0,0
73,นครปฐม,1,129731,104422,95758,4384,4280,130940,104422,นายศุภโชค ศรีสุขจร,ภูมิใจไทย,129731,104422,130940,104422,95931,3661,4830,0,0,79.7221648,80.49117019,0,0
73,นครปฐม,2,120935,96412,87501,4178,4733,126081,96412,พันโท สินธพ แก้วพิจิตร,กล้าธรรม,120935,96412,122740,96412,88517,2543,5352,0,0,76.47669957,79.7221648,0,0
73,นครปฐม,3,119354,91278,82640,4668,3970,121360,91278,นายพาณุวัฒณ์ สะสมทรัพย์,ภูมิใจไทย,119354,91278,121360,91278,83624,3137,4517,0,0,81.638723,76.47669957,0,0
73,นครปฐม,4,128771,105127,96709,5067,3351,132940,105127,พันเอก สุขชาต สะสมทรัพย์,ภูมิใจไทย,128771,105127,132940,105127,97930,3676,3521,0,0,81.79820546,81.638723,0,0
73,นครปฐม,5,131064,107208,98825,4474,3909,130726,107208,นายอนุชา สะสมทรัพย์,ภูมิใจไทย,131064,107208,130726,107208,99742,2927,4539,0,0,76.73599344,81.79820546,0,0
73,นครปฐม,6,126887,97368,91036,2904,3428,140400,97368,นายชลพฤกษ วงศ์อรุณนิยม,ประชาชน,126887,97368,140400,97368,89774,2391,5203,0,0,73.74036851,76.73599344,0,0
74,สมุทรสาคร,1,119400,88046,82271,2565,3210,119580,88046,นายณัฐพงษ์ สุมโนธรรม,ประชาชน,119400,88046,119580,88046,80970,2423,4653,0,0,71.90578986,73.74036851,0,0
74,สมุทรสาคร,2,119053,85606,79368,3130,3108,117960,85606,นายอนุสรณ์ ไกรวัตนุสสรณ์,ภูมิใจไทย,119053,85606,117960,85606,78050,3179,4377,0,0,73.11869251,71.90578986,0,0
74,สมุทรสาคร,3,111970,81871,76686,2506,2679,110020,81871,นายศิริโรจน์ ธนิกกุล,ประชาชน,111970,81870,110440,81870,74704,3218,3948,1,0.000893096,75.55183559,73.11779941,0,0
74,สมุทรสาคร,4,112307,84850,77338,4189,3323,115841,84850,นายปัญญา ซวนบุญ,ภูมิใจไทย,112307,84850,115841,84850,78327,2625,3898,0,0,72.63103289,75.55183559,0,0
75,สมุทรสงคราม,1,156144,113409,103219,5056,5134,158020,113409,นายอานุภาพ ลิขิตอำนวยชัย,ประชาชน,156144,113409,158020,113409,101938,4534,6937,0,0,79.21173236,72.63103289,0,0
76,เพชรบุรี,1,125465,99383,90344,4750,4289,127406,99383,นางธิวัลรัตน์ อังกินันทน์,ภูมิใจไทย,125465,99383,127406,99383,89618,3957,5808,0,0,75.95719023,79.21173236,0,0
76,เพชรบุรี,2,139314,105819,96107,5665,4047,142573,105819,นายฤกษ์ อยู่ดี,ภูมิใจไทย,139314,105819,142573,105819,95907,4694,5218,0,0,78.51414933,75.95719023,0,0
76,เพชรบุรี,3,131561,103294,93375,5599,4320,133920,103294,จ่าอากาศเอก อภิชาติ แก้วโกศล,ภูมิใจไทย,131561,103294,133920,103294,95005,3789,4500,0,0,77.39938891,78.51414933,0,0
77,ประจวบคีรีขันธ์,1,152841,118298,107999,6984,3313,155616,118298,นายสังคม แดงโชติ,ภูมิใจไทย,152841,118298,155616,118298,112249,3405,2643,0,0,70.77911427,77.39938891,2,1
77,ประจวบคีรีขันธ์,2,146320,103564,95554,4545,3465,147509,103564,นายจักพันธ์ ปิยพรไพบูลย์,กล้าธรรม,146320,103565,147550,103565,96454,2709,4402,1,0.000683434,74.7589238,70.7797977,0,0
77,ประจวบคีรีขันธ์,3,138338,103420,96330,4931,2159,141516,103420,นายพงษ์พันธ์ เผ่าประทาน,ภูมิใจไทย,138338,103420,141516,103420,98409,2641,2370,0,0,75.04982065,74.7589238,0,0
80,นครศรีธรรมราช,1,132977,99799,94145,3158,2495,136218,99799,นายทรงศักดิ์ มุสิกอง,ประชาธิปัตย์,132977,99799,136217,99799,91623,3036,5139,0,0,70.91206498,75.04982065,1,1
80,นครศรีธรรมราช,2,141832,100576,94553,3650,2373,143521,100576,นางสาวนันทวัน วิเชียร,ภูมิใจไทย,141832,100576,143521,100576,91714,2927,5935,0,0,73.50823353,70.91206498,0,0
80,นครศรีธรรมราช,3,133600,98207,93454,3526,1227,138902,98207,นายพิทักษ์เดช เดชเดโช,ประชาธิปัตย์,133600,98207,138902,98207,93045,2694,2468,0,0,75.93295941,73.50823353,0,0
80,นครศรีธรรมราช,4,135858,103161,98120,3372,1669,139598,103161,นางกนกพร เดชเดโช,ประชาธิปัตย์,135858,103162,139599,103162,97047,2383,3732,1,0.000736063,76.08394998,75.93369548,0,0
80,นครศรีธรรมราช,5,140274,106726,100951,3098,2677,145094,106726,นายสมศักดิ์ แสงอารยะกุล,กล้าธรรม,140274,106726,145094,106715,100294,2074,4347,0,0,78.0666741,76.08394998,0,11
80,นครศรีธรรมราช,6,134535,105027,100145,3249,1633,138463,105027,นายจอมไกร สวัสดิวงศ์,ประชาธิปัตย์,134535,105027,138463,105027,100028,2007,2992,0,0,72.70552494,78.0666741,0,0
80,นครศรีธรรมราช,7,136273,99078,91334,3743,4000,139834,99077,นายอภินันท์ สโมสร,ภูมิใจไทย,136273,99078,139835,99078,82744,5096,11238,0,0,73.35511103,72.70552494,1,0
80,นครศรีธรรมราช,8,136225,99928,94013,3782,2133,132540,99928,นางอวยพรศรี เชาวลิต,ภูมิใจไทย,136225,99928,132540,99928,92847,2720,4361,0,0,73.0528982,73.35511103,0,0
80,นครศรีธรรมราช,9,139759,102098,97194,3255,1649,141477,102098,นางสาวพิมพ์ภัทรา วิชัยกุล,ภูมิใจไทย,139759,102098,141477,102098,96071,2693,3334,0,0,75.73555132,73.0528982,0,0
81,กระบี่,1,128645,97430,91354,3424,2652,127319,97430,นายกิตติ กิตติธรกุล,ภูมิใจไทย,128645,97431,127320,97431,90061,2723,4647,1,0.000777333,73.20236992,75.73632866,0,0
81,กระบี่,2,117641,86116,81262,2948,1906,118407,86116,นายถิรเดช ตั้งมั่นก่อกิจ,ภูมิใจไทย,117641,86116,118407,86116,78999,2599,4518,0,0,76.17672143,73.20236992,0,0
81,กระบี่,3,124286,94677,89432,3260,1985,127060,94677,นายกิตติชัย เอ่งฉ้วน,ภูมิใจไทย,124286,94677,127060,94677,87853,2937,3887,0,0,74.15066323,76.17672143,0,0
82,พังงา,1,100343,74405,69369,2614,2422,103636,74405,นายอรรถพล ไตรศรี,ภูมิใจไทย,100343,74406,103757,74406,66345,2919,5142,1,0.000996582,75.01105865,74.15165981,0,0
82,พังงา,2,110773,83092,76833,3361,2898,113034,83092,นายฉกาจ พัฒนกิจวิบูลย์,ภูมิใจไทย,110773,83093,113035,83093,75502,2845,4746,1,0.000902747,70.115816,75.0119614,0,0
83,ภูเก็ต,1,103958,72891,68696,1950,2245,120740,72891,ว่าที่ร้อยตรีสมชาติ เตชถาวรเจริญ,ประชาชน,103958,72889,120740,72889,66360,1916,4613,2,0.001923854,66.55337513,70.11389215,0,0
83,ภูเก็ต,2,107981,71865,67306,1883,2676,110721,71865,นายเฉลิมพงศ์ แสงดี,ประชาชน,107981,71865,110721,71865,63459,3012,5394,0,0,69.86661226,66.55337513,0,0
83,ภูเก็ต,3,117627,82182,76649,2319,3214,117036,82182,นางสาวอรทัย เกิดทรัพย์,กล้าธรรม,117627,82182,117036,82182,75128,2121,4933,0,0,71.00545729,69.86661226,0,0
84,สุราษฎร์ธานี,1,117091,83141,78960,1656,2525,112780,83141,นางสาวกานสินี โอภาสรังสรรค์,ภูมิใจไทย,117091,83141,112780,83141,76258,1679,5204,0,0,72.77713747,71.00545729,0,0
84,สุราษฎร์ธานี,2,118867,86508,82013,2722,1773,117959,86508,นายพิพิธ รัตนรักษ์,ภูมิใจไทย,118867,86508,121932,86508,81419,2109,2980,0,0,78.47070093,72.77713747,0,0
84,สุราษฎร์ธานี,3,120055,94208,89194,3047,1967,123133,94208,นางสาววชิราภรณ์ กาญจนะ,ไทรวมพลัง,120055,94207,123133,94207,88689,2218,3300,1,0.000832952,80.06889285,78.46986798,0,0
84,สุราษฎร์ธานี,4,123380,98789,94398,2813,1578,123460,98789,นายสมชาติ ประดิษฐพร,ประชาธิปัตย์,123380,98789,123860,98789,94443,1886,2460,0,0,76.98729672,80.06889285,0,0
84,สุราษฎร์ธานี,5,121937,93876,89097,3076,1703,121760,93876,นายปรเมษฐ์ จินา,กล้าธรรม,121937,93876,121760,93876,88782,2140,2954,0,0,81.74098004,76.98729672,0,0
84,สุราษฎร์ธานี,6,125056,102222,97297,3515,1410,127056,102222,นายพิชัย ชมภูพล,ภูมิใจไทย,125056,102222,127056,102222,98147,2256,1819,0,0,80.34670547,81.74098004,0,0
84,สุราษฎร์ธานี,7,120275,96637,91966,2846,1825,124931,96637,นายพงษ์ศักดิ์ จ่าแก้ว,กล้าธรรม,120275,96637,124931,96637,92005,1980,2652,0,0,67.19722556,80.34670547,0,0
85,ระนอง,1,143308,96299,89474,3703,3122,144447,96299,นายคงกฤษ ฉัตรมาลีรัตน์,ภูมิใจไทย,143308,96299,144448,96299,83719,4782,7798,0,0,76.00192615,67.19722556,0,0
86,ชุมพร,1,137061,104169,98390,3052,2727,138963,104169,นายวิชัย สุดสวาสดิ์,ภูมิใจไทย,137061,104168,138922,104168,96247,2480,5441,1,0.000729602,78.77941821,76.00119655,0,0
86,ชุมพร,2,136820,107786,101680,3781,2326,141486,107787,นายกิตติศักดิ์ พรหมรัตน์,ภูมิใจไทย,136820,107786,141486,107786,101248,2763,3775,0,0,74.60940665,78.77941821,-1,0
86,ชุมพร,3,135755,101286,95882,3303,2101,135580,101286,นายสุพล จุลใส,ภูมิใจไทย,135755,101287,135580,101287,94965,2633,3689,1,0.000736621,75.94334101,74.61014327,0,0
90,สงขลา,1,128135,97310,90673,3039,3598,129602,97310,นายสรรเพชญ บุญญามณี,ภูมิใจไทย,128135,97311,129603,97311,86955,2926,7430,1,0.000780427,76.19034468,75.94412143,0,0
90,สงขลา,2,108624,82761,78784,1830,2147,103680,82761,นายจูรี นุ่มแก้ว,ประชาธิปัตย์,108624,82759,103680,82759,78663,1411,2685,2,0.001841214,79.2769408,76.18850346,0,0
90,สงขลา,3,133682,105979,99690,2783,3506,135875,105979,นายสมยศ พลายด้วง,ภูมิใจไทย,133682,105979,135875,105979,93176,3394,9408,0,0,80.11499155,79.2769408,0,1
90,สงขลา,4,126618,101440,95827,3935,1678,128371,101440,นายชนนพัฒฐ์ นาคสั้ว,กล้าธรรม,126618,101440,128371,101440,95854,2640,2946,0,0,80.58795864,80.11499155,0,0
90,สงขลา,5,129703,104525,97917,3923,2685,131266,104525,นายวงศ์วชร ขาวทอง,กล้าธรรม,129703,104525,131266,104525,93808,3913,6804,0,0,60.24770943,80.58795864,0,0
90,สงขลา,6,155747,93834,88842,3164,1828,112350,93834,นายอนุกูล พฤกษานุศักดิ์,ภูมิใจไทย,115747,93834,112350,93834,88960,2352,2522,0,0,78.05419498,81.06819183,0,0
90,สงขลา,7,126580,98801,93037,4053,1711,124820,98801,นายณัฏฐ์ชนน ศรีก่อเกื้อ,ภูมิใจไทย,126580,98801,124820,98801,93120,2797,2884,0,0,82.98382812,78.05419498,0,0
90,สงขลา,8,120456,99959,94208,4014,1737,120360,99959,พล.ต.ต.สุรินทร์ ปาลาเร่,กล้าธรรม,120456,99959,120360,99959,94569,2563,2827,0,0,81.25266674,82.98382812,0,0
90,สงขลา,9,135934,110450,104388,3119,2943,137115,110450,นายศักดิ์สิทธิ์ ขาวทอง,ประชาธิปัตย์,135934,110450,137115,110450,100486,3170,6794,0,0,75.93420838,81.25266674,0,0
91,สตูล,1,116489,88455,81811,3570,3074,119998,88455,นายพีรพัฒน์ รัชกิจประการ,ภูมิใจไทย,116489,88455,119998,88455,81311,2515,4629,0,0,76.67899357,75.93420838,0,0
91,สตูล,2,129527,99320,92747,3464,3109,132818,99320,นายวรศิษฎ์ เลียงประสิทธิ์,ภูมิใจไทย,129527,99320,132818,99320,90555,3158,5607,0,0,79.92287628,76.67899357,0,0
92,ตรัง,1,124216,99277,93222,2612,3443,124300,99277,นายเอกพล ณ พัทลุง,ภูมิใจไทย,124216,99277,124300,99277,90521,2166,6590,0,0,76.66618684,79.92287628,0,0
92,ตรัง,2,131993,101194,95905,2944,2345,135594,101194,นายทวี สุระบาล,ภูมิใจไทย,131993,101194,135587,101194,95121,2259,3814,0,0,75.97890605,76.66618684,0,0
92,ตรัง,3,125344,95235,89986,2813,2436,128792,95235,นายกฤตย์อิชย์ ภาคย์อิชณน์,ประชาธิปัตย์,125344,95235,128792,95235,88101,2502,4632,0,0,77.53081226,75.97890605,0,0
92,ตรัง,4,128358,99517,94473,2891,2153,126140,99517,นายกาญจน์ ตั้งปอง,ประชาธิปัตย์,128358,99517,126140,99517,93671,2120,3726,0,0,84.67773721,77.53081226,0,0
93,พัทลุง,1,134471,113867,108460,3275,2132,136155,113867,นาวาอากาศเอกอธิคุณ คงมี,ภูมิใจไทย,134471,113867,136155,113867,108788,2001,3078,0,0,84.77931039,84.67773721,0,0
93,พัทลุง,2,144343,122373,116799,3700,1874,146285,122373,นายวรท เทอดวีระพงศ์,ภูมิใจไทย,144343,122372,146284,122372,117079,2430,2863,1,0.000692794,81.21607403,84.7786176,0,0
93,พัทลุง,3,143511,116554,110887,3653,2014,145233,116554,นายจรัญ จันทร์แก้ว,กล้าธรรม,143511,116554,145233,116554,108849,3271,4434,0,0,77.65291816,81.21607403,0,0
94,ปัตตานี,1,95574,74216,68916,3270,2030,96766,74216,นายบาฮารุดดีน ยูโซะ,ภูมิใจไทย,95574,74215,96366,74215,69214,2134,2867,1,0.00104631,73.65857626,77.65187185,0,0
94,ปัตตานี,2,110666,81515,75538,4321,1656,114290,81515,นายคอซีย์ มามุ,ภูมิใจไทย,110666,81515,114290,81515,75926,2861,2728,0,0,70.76662499,73.65857626,0,0
94,ปัตตานี,3,99188,70192,65313,3721,1158,102060,70192,นายบูรฮันธ์ สาเม๊าะ,ภูมิใจไทย,99188,70192,102060,70192,65804,2632,1756,0,0,76.02670149,70.76662499,0,0
94,ปัตตานี,4,110256,83824,78483,4144,1197,114084,83824,นายยูนัยดี วาบา,กล้าธรรม,110256,83822,114082,83822,80409,2222,1191,2,0.00181396,71.4127192,76.02488753,0,0
94,ปัตตานี,5,109944,78514,72841,4443,1230,113947,78514,นายสาเหะมูหามัด อัลอิดรุส,ภูมิใจไทย,109944,78514,113947,78514,73268,3279,1967,0,0,76.13395996,71.4127192,0,0
95,ยะลา,1,130009,98981,91456,4121,3404,130210,98981,นายสุไลมาน บือแนปีแน,ประชาชาติ,130009,98981,130210,98981,90522,3077,5382,0,0,71.92156746,76.13395996,0,0
95,ยะลา,2,134281,96577,88810,5681,2086,134400,96577,นายซูการ์โน มะทา,ประชาชาติ,134281,96577,134400,96577,87642,5217,3718,0,0,72.65238754,71.92156746,0,0
95,ยะลา,3,131474,95519,87935,4803,2781,130680,95519,นายอับดุลอายี สาแม็ง,ประชาชาติ,131474,95519,130680,95519,86878,4180,4461,0,0,77.02514399,72.65238754,0,0
96,นราธิวาส,1,129176,99498,91272,5929,2297,127420,99498,นายลุตฟี หะยีอีแต,กล้าธรรม,129176,99498,127420,99498,93825,2822,2851,0,0,68.87383289,77.02514399,0,0
96,นราธิวาส,2,113207,77970,70908,4933,2129,117760,77970,นายอามินทร์ มะยูโต๊ะ,กล้าธรรม,113207,77970,117760,77970,70635,3460,3875,0,0,73.84438626,68.87383289,0,0
96,นราธิวาส,3,112278,82911,77064,4914,933,114024,82911,นายสัมพันธ์ มะยูโซะ,กล้าธรรม,112278,82910,114024,82910,79299,2416,1195,1,0.000890646,74.27694255,73.84349561,0,0
96,นราธิวาส,4,116934,86855,81154,4674,1027,119261,86855,นายซาการียา สะอิ,ภูมิใจไทย,116934,86855,119261,86855,83440,2350,1065,0,0,74.68403919,74.27694255,0,0
96,นราธิวาส,5,125332,93603,86796,5493,1314,129342,93603,นายกมลศักดิ์ ลีวาเมาะ,ประชาชาติ,125332,93603,129342,93603,88775,3121,1707,0,0,#DIV/0!,74.68403919,0,0